Category,QuestionNo,Question,Choices,Answer,Advice
ジャンル,問題番号,問題内容,選択肢,解答・解説,アドバイス
正誤,1,"X、Y、Zが同じ絵を見てて、次のように発言した。

X　この絵には虎が描かれている。

Y　この絵には少なくとも虎か龍が描かれている。

Z　この絵には龍が描かれている。

全員が本当のことを言っているとは限らない。そこで、以下の推論がなされた。次のうち正しいものを一つ選びなさい。","A. Yが正しければXは必ず正しい
B. Zが正しければYは必ず正しい
C. Xが正しければZは必ず正しい","答え：B

Yが正しいとしても、虎が入っていることは分からないため、Xは必ずしも正しくない。

Zが正しいとき、少なくとも龍は入っているため、Yは正しい。

Xが正しいとしても、龍が入っていることは分からないため、Zは必ずしも正しくない。","非言語の推論の問題は情報を整理する力が求められます。推論の中でも正誤を判断するような問題では、各条件から読み取れる情報の範囲について考えることが重要です。
例えばこの問題において、Xは虎、Zは龍が描かれていることを断言していますが、もう一方が描かれているのかについては読み取れません。一方Yは「少なくとも虎か龍が描かれている」と述べていますが、そのどちらが描かれているのか、もしくはその両方が描かれているのかについては読み取れません。
このように各条件から読み取れる情報の範囲を整理することを意識して解いてみましょう。"
正誤,2,"教室の電気がつけっぱなしであったため、先生がX、Y、Zの3人の生徒に話を聞いた。

教室にいたX、Y、Zから次のような発言があった。

X　私が最初に教室から出た。

Y　私が部屋を出たとき、Xはもう教室を出ていた。

Z　私が教室から出たとき、XもYもまだ教室にいた。

全員が本当に正しいことを言っているとは限らない。そこで、以下の推論がなされた。次のうち正しいものを一つ選びなさい。","A. Xが正しければYは必ず正しい。
B. Yが正しければ、Zは必ず正しい。
C. Zが正しければ、Xは必ず正しい。","答え：A

Xが正しいとすると、 YよりはXが先に出ていたことがわかるので、Yは正しい。

Yが正しいとしても、Zが出た順番はわからないので、Zは必ずしも正しいとは限らない。

Zが正しいとすると、Xは最初に教室を出ていないことになるので、Xは正しくない。","""教室の電気がつけっぱなしであったため、先生がX、Y、Zの3人の生徒に話を聞いた。

教室にいたX、Y、Zから次のような発言があった。

X　私が最初に教室から出た。

Y　私が部屋を出たとき、Xはもう教室を出ていた。

Z　私が教室から出たとき、XもYもまだ教室にいた。

全員が本当に正しいことを言っているとは限らない。そこで、以下の推論がなされた。次のうち正しいものを一つ選びなさい。""	""A. Xが正しければYは必ず正しい。
B. Yが正しければ、Zは必ず正しい。
C. Zが正しければ、Xは必ず正しい。"""
正誤,3,"T君は野球を観戦しに来た。野球の球団GとHが試合をし、6回後半が終了した時点でHが２点リードしたところまで観て、急用のため帰った。後日、同じ試合を最後まで観ていたP、Q、Rから情報を聞いた。
P　Gは7回以降に5得点した。

Q　Gは試合に勝った。

R　Gは7回以降に3得点以上した。

全員が本当のことを言っているとは限らない。そこで、以下の推論がなされた。次のうち正しいものを一つ選びなさい。","A. Pが正しければQは必ず正しい。
B. Qが正しければRは必ず正しい。
C. Rが正しければPは必ず正しい。","答え：B

Pが正しいとしても、Hが7回以降に7得点以上している場合Gは勝てないので、Qは必ずしも正しくない。

Qが正しいとき、7回以降ではGはHよりも3得点以上差をつけているので、Rは必ず正しい。

Rが正しいとしても、Gが7回以降ちょうど5得点をしているとは限らないので、Pは必ずしも正しくない。","非言語の推論の問題は情報を整理する力が求められます。このように得点と勝敗に関して様々なパターンが考えられる問題では、選択肢が成り立たない反例を見つけて、消去法で考えることが効率的です。
例えば選択肢Aについて考えてみると、「Gが7回以降に5得点した、かつGが負けた」パターン、すなわち「Gが5点取ってがHが8点取った」がといった状況が反例に当たります。同様にして選択肢Cも反例を見つけることができるので、残った選択肢Bが解答だと推測できます。このように反例を見つけることで素早く問題を解くことが出来るでしょう。"
正誤,4,"ある水槽には何匹かの魚が入っていた。それを見た3人が次のように発言している。

X　赤い魚と青い魚が合計で５匹以上入っていた。

Y　赤い魚は少なくとも４匹入っていた。

Z　赤い魚と青い魚が入っていて、青い魚は赤い魚のちょうど４倍入っていた。

全員が本当のことを言っているとは限らない。そこで、以下の推論がなされた。次のうち正しいものを一つ選びなさい。","A. Xが正しければYは必ず正しい。
B. Yが正しければ、Zは必ず正しい。
C. Zが正しければ、Xは必ず正しい。","答え：C

Xが正しいとしても、赤い魚が４匹入っているかは不明であるので、Yは必ずしも正しくない。

Yが正しいとしても、青い魚の数は不明であるので、Zは必ずしも正しくない。

Zが正しいとき、赤い魚は少なくとも１匹入っていて、青い魚はそれに対応して４匹以上入っている。したがって、合計５匹以上は入っているのでXは必ず正しい。","非言語の推論の問題は情報を整理する力が求められます。このように魚の組み合わせについて様々なパターンが考えられる問題では、選択肢が成り立たない反例を見つけて、消去法で考えることが効率的です。
例えば選択肢Aについて考えてみると、「赤い魚と青い魚が合計で５匹以上入っていた、かつ赤い魚が4匹未満である」パターン、すなわち「赤い魚が3匹、青い魚が3匹」といった状況が反例に当たります。同様にして選択肢Ｂも反例を見つけることができるので、残った選択肢Cが解答だと推測できます。
このように反例を見つけることで素早く問題を解くことが出来るでしょう。"
整数,5,"P、Q、Rはそれぞれボールを持っていて、次のことがわかっている。

Ⅰ　3人合わせて8個のボールを持っている。

Ⅱ　PとQは同じ個数のボールを持っている。

Ⅲ　RはPの2倍のボールを持っている。

このとき、Rは何個のボールを持っているか。","A. 1
B. 2
C. 4
D. 5
E. 6","答え：C

Ⅱ、Ⅲの情報から、P=xとおくと、Q=x 、R=2xとなる。

さらにⅠの情報よりボールの個数の総和が8個だから、x + x +2x = 8 より、x=2であり、Rの持っている個数は4個。","非言語の推論の問題は情報を整理する力が求められます。このような数値の比と合計から各数値を求める問題では、ある1つの数値を基準として設定することが定石です。基準となる数値は、他の数値をxで表したときの係数が整数になるように選ぶと良いです。
例えばこの問題では、Pの持っているボールの個数を基準として、x個とおきましょう。するとQとRのボールの個数もxで表せるので、3人のボールの合計もxで表すことができます。あとは、3人のボールの合計が8個であることから、xの値がわかります。このように基準を設定することで単純な数値計算として問題を解くことが出来るでしょう。"
整数,6,"P、Q、Rが交代で合計で11時間のバイトを行う。どの時間も被りはないものとして、次のことが分かっている。

Ⅰ　3人とも1時間単位で働いた。

Ⅱ　PとQは同じ時間だけ働いた。

Ⅲ　RはPよりも2時間多く働いた。

このとき、Rは何時間働いたか。","A. 2
B. 3
C. 4
D. 5
E. 6","答え：D

Ⅱ、Ⅲの情報から、P=xとおくと、Q=x 、R=x+2となる。

さらにⅠの情報より時間の総和が11時間であるため、x + x +x +2 = 11 より、x=3であり、Rの働いた時間は5時間。","非言語の推論の問題は情報を整理する力が求められます。このような数値の差と合計から各数値を求める問題では、ある1つの数値を基準として設定することが定石です。基準となる数値は、他の数値をxで表したときの係数が整数になるように選ぶと良いです。
例えばこの問題では、Pの働いた時間を基準として、x時間とおきましょう。するとQとRの働いた時間もxで表せるので、3人の働いた時間の合計もxで表すことができます。あとは、3人の労働時間の合計が11時間であることから、xの値がわかります。
このように基準を設定することで単純な数値計算として問題を解くことが出来るでしょう。"
整数,7,"P、Q、R、Sの4人兄弟がいた。4人の年齢に関して次のことが分かっている。

Ⅰ　4人合わせて15歳である。

Ⅱ　PとQは同じ年齢である。

Ⅲ　RはPよりも3歳年上である。

Sが6歳であるとき、Rは何歳であるか。","A. 2
B. 3
C. 4
D. 5
E. 6","答え：D

Ⅱ、Ⅲの情報から、P=xとおくと、Q=x 、R=x+3となる。

さらにⅠの情報より年数の和は15で、Sは6歳だから、x + x +x + 3 = 15-6 より、x=2であり、Rは5歳。","非言語の推論の問題は情報を整理する力が求められます。このような数値の差と合計から各数値を求める問題では、ある1つの数値を基準として設定することが定石です。基準となる数値は、他の数値をxで表したときの係数が整数になるように選ぶと良いです。
例えばこの問題では、Pの年齢を基準として、x歳とおきましょう。するとQとRの年齢もxで表せるので、3人の年齢の合計もxで表すことができます。あとは、3人の年齢の合計が9歳であることから、xの値がわかります。
このように基準を設定することで単純な数値計算として問題を解くことが出来るでしょう。"
整数,8,"ある高校の学生180人の英語の成績について、以下のことがわかっている。

Ⅰ　70点以上80点未満の男子学生は60人いる。

Ⅱ　80点以上の学生は5人いる。

Ⅲ　70点未満の学生は110人いる。

70点以上80点未満の女子学生は何人いるか。","A. 5
B. 10
C. 15
D. 20
E. 25","答え：A

Ⅱ、Ⅲの情報から、70点以上80点未満の学生は180-5 -110 = 65人いる。

さらにⅠの情報より、そのうち男子学生は60人だから、女子学生は65-60 = 5人。","非言語の推論の問題は情報を整理する力が求められます。このような合計の中から内訳を求める問題では、最初に全体を構成している内訳の種類を全て確認しましょう。全体の内訳を把握するために図を書くのも良いでしょう。
例えばこの問題では、70点未満の学生、70点以上80点未満の学生、80点以上の学生という３つの点数別の層が全体を構成しています。そのうち70点以上80点未満の学生に関しては男女別に考えています。求めたいのは70点以上80点未満の女子学生の人数なので、それ以外のグループの人数を全体から引けば求めることができます。
このように全体の内訳を確認することで、求めたい数値を導くための方針が明確を明確にできるでしょう。"
整数,9,"ある高校の学生の視力について、以下のことがわかっている。

Ⅰ　視力が1.2以上学生は6人いる。

Ⅱ　視力が0.3未満の学生は100人いる。

Ⅲ　視力が0.3以上の学生が70人以下である。

視力が1.2未満の学生は最も多くて何人か。","A. 16
B. 74
C. 104
D. 144
E. 164","答え：E

視力が0.3以上1.2未満の学生は最も多くて70 – 6 =64人である。

よって、0.3未満の学生の数と合わせると64 + 100 = 164人","非言語の推論の問題は情報を整理する力が求められます。このような内訳を求める問題では、最初に全体を構成している内訳の種類を全て確認しましょう。全体の内訳を把握するために図を書くのも良いでしょう。
例えばこの問題では、視力が0.3未満、0.3以上1.2未満、1.2以上という３つの視力別の層が全体を構成しています。求めたいのは視力が1.2未満の学生の人数なので、視力が0.3未満と0.3以上1.2未満の2つのグループの人数の和から求めることができます。このように全体の内訳を確認することで、求めたい数値を導くための方針を明確にできるでしょう。"
整数,10,"１〜６の数字がそれぞれ書かれたカードが6枚ある。X、Y、Zはそれぞれ一枚ずつカードを取った。取ったカードの数字について以下のことがわかっている。

Ⅰ　XとYの取ったカードの合計は６である。

Ⅱ　YとZの取ったカードの合計は４である。

Xが取ったカードの数字はいくつか。","A. 1
B. 2
C. 3
D. 4
E. 5","答え：E

YとZの合計が４であることから、同じ数字はないので、それぞれ１と３のいずれかしかありえない。

・Yが１のとき、ⅠよりXは５。

・Yが３のとき、Xも３になってしまうので成立しない。

よって、Xが取った数字は５。","非言語の推論の問題は情報を整理する力が求められます。このような重複のない整数の問題では、条件を利用して数値を絞り込んでいきましょう。数値が整数であること自体も条件になることがあります。
例えばこの問題では、YとZの取ったカードの合計は4であることを利用して、数字の組み合わせが1と3に絞り込めます。2つの数字の合計が小さい方が、考えられる数字の組み合わせの数が少なく済みます。このようにより細かく数字を限定できるような条件から考えていくと良いでしょう。後はXとYの取ったカードの合計は6で、かつ数字に重なりが無いことからXのカードが5だと分かります。
このように条件から数値を絞り込んでいくことが整数問題を解く定石となります。"
整数,11,"１〜７巻までが１冊ずつ揃った漫画がある。X、Yはここからそれぞれ１冊ずつ取った。取った漫画の巻数について以下のことがわかっている。

Ⅰ　XとYの取った巻数の合計は１０である。

Ⅱ　Xの取った巻数の数字は３の倍数である。

Ⅲ　Yが取った巻数の数字はXが取った巻数の数字の２倍以上である。

Yが取った巻数の数字はいくつか。","A. 4
B. 5
C. 6
D. 7","答え：D

XとYの合計が１０であることから、同じ数字はないので、それぞれ３と７、もしくは４と６のいずれかしかありえない。Xは３の倍数なので、Xが３、Yが７もしくはXが６、Yが４のみ成立する。

このうちⅢに当てはまるのはXが３、Yが７の場合。よって、７。","非言語の推論の問題は情報を整理する力が求められます。このような重複のない整数の問題では、条件を利用して数値を絞り込んでいきましょう。数値が整数であること自体も条件になることがあります。
例えばこの問題では、条件ⅡからXの数字が3か6に絞り込むことができます。このようにより細かく数字を限定できるような条件から考えていくと良いでしょう。後は条件Ⅰと条件Ⅲを用いて、Xの取った巻数の数字が3か6のどちらなのかを導きましょう。するとYが取った巻数の数字も導くことができます。
このように条件から数値を絞り込んでいくことが整数問題を解く定石となります。"
整数,12,"7枚のカードに１〜７の数字が書かれており、これらを上から順にに重ねた。カードの数字に関して以下のことがわかっている。

Ⅰ　上から１枚目から３枚目までのカードの数字の和は９

Ⅱ　下から１枚目から３枚目までのカードの数字の和は１４

真ん中のカードの数字はいくつか。","A. 4
B. 5
C. 6
D. 7","答え：B

１〜７の合計は1+2+3+4+5+6+7=28

よって真ん中の数字は28 – 9 -14 =5。","非言語の推論の問題は情報を整理する力が求められます。このような重なりのない整数の問題では、解き始める前に条件を見て解くための方針を考えましょう。
例えばこの問題では、「7枚のカードの数字の和から残り6枚のカードの数字の和を引けば、残り1枚のカードの数字となる」ということに気付けるかが重要となります。条件Iと条件Ⅱから、それぞれの3枚のカードの組み合わせを考えるのは大変です。もし自分の方針が想定以上に労力がかかりそうだと感じたら、一度自分の方法を疑ってみて、より良い方法を模索するのが良いでしょう。
このように整数問題では解くための方針が時間や難易度を左右するので、丁寧に模索しましょう。"
整数,13,"7枚のカードに１〜７の数字が書かれており、これらを１枚ずつ7人の人に配った。カードの数字について以下のことがわかっている。

Ⅰ　最初から１枚目から３枚目までのカードの数字の和は９

Ⅱ　最後から１枚目から３枚目までのカードの数字の和は１４

Ⅲ　最初から2番目の数字は４

３が配られた順番として可能性があるのは最初から何番目か。当てはまる組み合わせを選びなさい。","A. 1番目と3番目
B. 1番目と4番目
C. ４番目と5番目
D. 5番目と6番目と7番目","答え：A

１〜７の合計は1+2+3+4+5+6+7=28。よって真ん中の数字は28 – 9 -14 =5。

これをもとに、最初の３枚の組み合わせとして考えられるのは、

（１、２、６）（２、３、４）のどちらか。

Ⅲより、（２、３、４）の組み合わせが正しいので、３があり得るのは最初から1番目、3番目。","非言語の推論の問題は情報を整理する力が求められます。このような重複のない整数の問題では、解き始める前に条件を見て解くための方針を考えましょう。
例えばこの問題では、「7枚のカードの数字の和から残り6枚のカードの数字の和を引けば、残り1枚のカードの数字となる」ということに気付けるかが重要となります。その条件から真ん中の数字が5だと分かります。また、より数値を絞り込める条件から順に考えていくことも大切です。この問題では、真ん中の数字の条件、条件Ⅲ、条件Ⅰ、条件Ⅱの順で考えると良いです。
このように整数問題では、解くための方針や条件を用いる順番が時間や難易度を左右するので、丁寧に模索しましょう。"
整数,14,"7枚のカードに１枚ずつ順番に１〜７の数字の数字を書いた。書いたカードの数字に関して以下のことがわかっている。

Ⅰ　最初から１枚目から３枚目までのカードの数字の和は９

Ⅱ　最後から１枚目から３枚目までのカードの数字の和は１４

Ⅲ　最後から2番目の数字は６

４を書いたカードの順番として可能性があるのは最初から何番目か。当てはまる組み合わせを選びなさい。","A. 1番目と3番目
B. 1番目と4番目
C. ４番目と5番目
D. 1番目と2番目と3番目
E. 5番目と6番目と7番目","答え：D

１〜７の合計は1+2+3+4+5+6+7=28。よって真ん中の数字は28 – 9 -14 =5。

これをもとに、最初の３枚の組み合わせとして考えられるのは、

（１、２、６）（２、３、４）のどちらか。

Ⅲより、（２、３、４）の組み合わせが正しいので、４があり得るのは最初から1番目、2番目、3番目。","非言語の推論の問題は情報を整理する力が求められます。このような重複のない整数の問題では、解き始める前に条件を見て解くための方針を考えましょう。
例えばこの問題では、「7枚のカードの数字の和から残り6枚のカードの数字の和を引けば、残り1枚のカードの数字となる」ということに気付けるかが重要となります。その条件から真ん中の数字が5だと分かります。また、より数値を絞り込める条件から順に考えていくことも大切です。この問題では、真ん中の数字の条件、条件Ⅲ、条件Ⅰ、条件Ⅱの順で考えると良いです。
このように整数問題では、解くための方針や条件を用いる順番が時間や難易度を左右するので、丁寧に模索しましょう。"
整数,15,"7枚のカードに１〜７の数字が書かれており、これらを適当に縦に並べた。カードの数字について以下のことがわかっている。

Ⅰ　手前から１枚目から３枚目までのカードの数字の和は１０

Ⅱ　奥から１枚目から３枚目までのカードの数字の和は１４

真ん中の数字は何か。","A. 1
B. 2
C. 3
D. 4
E. 5","答え：D

１〜７の合計は1+2+3+4+5+6+7=28。よって真ん中の数字は28 – 10 – 14 = 4。","非言語の推論の問題は、情報を整理する力が求められます。このような重なりのない整数の問題では、解き始める前に条件を見て解くための方針を考えましょう。
例えばこの問題では、「7枚のカードの数字の和から残り6枚のカードの数字の和を引けば、残り1枚のカードの数字となる」ということに気付けるかが重要となります。条件Iと条件Ⅱから、それぞれの3枚のカードの組み合わせを考えるのは大変です。もし自分の方針が想定以上に労力がかかりそうだと感じたら、一度自分の方法を疑ってみて、より良い方法を模索するのが良いでしょう。
このように整数問題では解くための方針が時間や難易度を左右するので、丁寧に模索しましょう。"
整数,16,"赤、青、黄色のアメを合計12個買った。ただしどのアメも1個以上は買った。それぞれの買った数について、以下のことが分かっている。

Ⅰ　黄色いのアメは6個以下である。

Ⅱ　赤いアメは青いアメより2個だけ多い。

青いアメと黄色いアメの個数差が2個のとき、赤いアメと黄色いアメの差は何個か。","A. 2
B. 3
C. 4
D. 5
E. 6","答え：C

赤が青より2個多いから、青をx本とすると、赤と青の合計はx + (x + 2) = 2x + 2個となる。

よって、黄色は12 – (2x + 2) = 10-2x個となり、これが6個以下であるから1 ≦ 10-2x ≦ 6。つまり、2 ≦ x ≦ 4.5となるから、x = 2、3、4

これより3色の個数の組み合わせは赤：青：黄＝4：2：6、5：3：4、6：4：2のいずれかになるから、青と黄の差が2である場合、赤と黄の差は4個。","非言語の推論の問題は情報を整理する力が求められます。このような数値の差と合計から各数値を求める問題では、ある1つの数値を基準として設定することが定石です。
例えばこの問題では、青いアメの個数を基準として、x個とおきましょう。すると条件Ⅱよりの赤いアメの個数はx＋2個であることがわかります。次にxの数値を求める方法を考えましょう。合計から赤、青のアメの個数を引くことで、黄色いアメの個数がxで表せるので、これを条件Ⅰと合わせて考えることでxの範囲が求まります。あとはxが整数であること、青いアメと黄色いアメの個数差が2個であることを満たすxを探しましょう。
このように基準を設定することで単純な数値計算として問題を解くことが出来るでしょう。"
整数,17,"赤、白、ピンクのバラをそれぞれ一本ずつ購入し、合計12本買った。これについて、次のようなことが分かっている。

Ⅰ　ピンクのバラは3本か4本である。

Ⅱ　赤のバラは白のバラより2本だけ多い。

このとき白のバラは何本か。","A. 2
B. 3
C. 4
D. 5
E. 6","答え：B

赤のバラが白のバラより2本多いから、白のバラをx本とすると赤・白の合計は x + (x + 2)＝2x + 2本となる。

よって、ピンクのバラは12- (2x +2) = 10-2ｘ本となり、これが3本か4本であるから10 – 2x = 3 or 4。つまり、x = 3 or 3.5となるから、x = 3

よって、3本。","非言語の推論の問題は、情報を整理する力が求められます。このような数値の差と合計から各数値を求める問題では、ある1つの数値を基準として設定することが定石です。
例えばこの問題では、白いバラの本数を基準として、x本とおきましょう。すると条件Ⅱよりの赤いバラの本数はx＋2本であることがわかります。次にxの数値を求める方法を考えましょう。合計から赤、白のバラの本数を引くことで、ピンクのバラの本数がxで表せるので、これを条件Ⅰと合わせて考えることでxの値が求まります。
このように基準を設定することで単純な数値計算として問題を解くことが出来るでしょう。"
整数,18,"1個150円のチョコレートと1個100円のクッキーをそれぞれ何個か買った。これについて次のことが分かっている。

Ⅰ 　合計金額は1100円であった。

Ⅱ　 チョコレートを買った個数は3の倍数だった。

このとき、クッキーは何個買ったか。","A. 2
B. 3
C. 4
D. 5
E. 6","答え：A

1100円を超えない範囲で、チョコレートの個数としてあり得るのは3個か6個。

3個買った場合：残りのクッキー代は1100ー150×3＝550円となり、100の倍数ではないので正しくない。

6枚買った場合：残りのクッキー代は1100ー150×6＝200円となり、このときクッキーは2枚。

以上より、2枚。","非言語の推論の問題は、情報を整理する力が求められます。このような整数問題では、数値の範囲や候補を条件から絞っていくことが定石です。その際、出来るだけ狭く絞れる条件を探すことが大切です。
例えばこの問題では、条件Ⅰ、Ⅱよりチョコレートの個数が3個か6個の2つに絞ることができます。これらの場合について、それぞれクッキーの個数が整数になる方が正しい個数となります。もしクッキーの個数について最初に考えると0～11個の12通りの場合について考える必要があるので、先にチョコレートの個数で場合分けしましょう。
このように数値の候補や範囲をより狭く絞れるように条件を利用していきましょう。"
整数,19,"1個150円のパンと1個100円のおにぎりをそれぞれ何個か買った。これについて次のことが分かっている。

Ⅰ 　合計金額は1700円であった。

Ⅱ 　パンもおにぎりもそれぞれ4個以上は買っている。

Ⅲ 　パンの方がおにぎりよりも3個多く買っていた。

このとき、おにぎりは何個買ったか。","A. 2
B. 3
C. 4
D. 5
E. 6","答え：D

Ⅱより、残りは1700 – (150 + 100) × 4＝700円である。

パンの個数として考えられるのは1〜4個であるが、このうち奇数の場合残りのおにぎり代が100の倍数にならない。よってパンが2個か4個なので場合分けする。

2個のとき：残りのおにぎり代は700 – 150 × 2 = 400円となり、おにぎりは4個。これはⅢに反する。

4個のとき：残りのおにぎり代は700 – 150 × 4 = 100円となり、おにぎりは1個。これはⅢにも当てはまる。

よって、おにぎりは4 + 1 = 5個","非言語の推論の問題は、情報を整理する力が求められます。このような整数問題では、数値の範囲や候補を条件から絞っていくことが定石です。その際、出来るだけ狭く絞れるように工夫しましょう。
例えばこの問題は、一見1700円の内訳を考える必要があり、多くの組み合わせが感がられます。ゆえにおにぎりの個数をxと置くことで解くことも正しい方法です。しかし、条件Ⅰ、Ⅱより、1700円のうち1000円は内訳が確定しているので、残り700円の内訳を考えれば良いことになり、実際は2通りの整数の組み合わせが条件Ⅲを満たすかを考えれば解くことができます。
このように労力を減らすために、出来るだけ数値の範囲や候補を狭くできる方法を考えることが重要です。"
整数,20,"１〜１３と書かれたカードを1枚ずつ用意した。この中から、XとYの2人がそれぞれ２枚ずつ選んだ。選んだカードについて次のことが分かっている。

Ⅰ 　Xの選んだカードの数字の合計は7である。

Ⅱ 　Yが選んだカードの数字の合計は10以下であった。

Ⅲ 　Yが選んだカードの数字は2枚とも3の倍数であった。

Xが選んだカードのうち大きい方の数字はいくつか。","A. 2
B. 3
C. 4
D. 5
E. 6","答え：D

Ⅱ、Ⅲより、Yが選んだ数字は３と６しかない。

これより、Xは３と６は持っていない。３と６以外で合計が７になる数字の組み合わせは２と５しかないので大きい数字は５。","非言語の推論の問題は、情報を整理する力が求められます。このような整数問題では、数値の範囲や候補を条件から絞っていくことが定石です。その際、出来るだけ狭く絞れるように工夫しましょう。
例えばこの問題では、条件Ⅱ、ⅢからYの数字が3、6だとわかります。条件Ⅰから考えた場合、合計が7となる組み合わせは3通り考えられてしまうので、後回しにしましょう。一般的に倍数の条件は、数値の候補をかなり絞ることが出来る場合が多いので、最初に考えた方が良いです。3、6のカードを使わずに合計が7となるカードの組み合わせは2と5だけなので、大きい方の5が解答となります。
このように労力を減らすために、出来るだけ数値の範囲や候補を狭くできる方法を考えることが重要です。"
整数,21,"トランプのハートの１〜１３を１枚ずつ用意した。この中から、XとY

の2人がそれぞれ2枚ずつ選んだ。選んだトランプについて次のことが分かっている。

Ⅰ　 Xの選んだトランプの数字の合計は20であった。

Ⅱ 　Yが選んだトランプの数字の合計は18以上であった。

Ⅲ　 Yが選んだトランプの数字は連続していて、一方は4の倍数であった。

Xが選んだトランプのうち小さい方の数字として可能性のあるものの組み合わせはどれか。","A. ６と７
B. ７と９
C. ７と１０
D. ８と９
E. ９と１１","答え：B

Ⅱ、Ⅲを満たすようなYの数字の組み合わせは（１１、１２）か（１２、１３）である。これより、Xは１２を持っていないので、あり得る組み合わせは（７、１３）（９、１１）のどちらか。よって小さいものは７か９。","非言語の推論の問題は情報を整理する力が求められます。このような整数問題では、数値の範囲や候補を条件から絞っていくことが定石です。その際、出来るだけ狭く絞れるように工夫しましょう。
例えばこの問題では、条件Ⅱ、ⅢからYの数字が（11、12）、（12、13）だとわかります。条件Ⅰから考えた場合、合計が20となる組み合わせは3通り考えられてしまうので、後回しにしましょう。一般的に倍数の条件は、数値の候補をかなり絞ることが出来る場合が多いので、最初に考えた方が良いです。後はそれぞれのYの数字の場合について、Xの数字の合計が20となるカードの組み合わせが解答となります。
このように労力を減らすために、出来るだけ数値の範囲や候補を狭くできる方法を考えることが重要です。"
整数,22,"１〜１３と書かれたボールを用意した。この中から、XとYの2人がそれぞれ2枚ずつ選んだ。選んだボールについて次のことが分かっている。

Ⅰ　Xの選んだボールの数字の合計とYの選んだボールの数字の合計は、ともに18であった。

Ⅱ　Xが選んだボールには偶数が含まれていた。

Ⅲ　Xが選んだボールとYが選んだボールにはともに５の倍数が含まれていた。

Yが選んだボールのうち小さい方のボールはいくつか。","A. 4
B. 5
C. 6
D. 7
E. 8
F. 9","答え：B

Ⅰ、Ⅲより、あり得る数字の組み合わせは（５、１３）（８、１０）。

Ⅱより、Xが（８、１０）なので、Yは（５、１３）。よって小さい数字は５。","非言語の推論の問題は情報を整理する力が求められます。このような整数問題では、数値の範囲や候補を条件から絞っていくことが定石です。その際、出来るだけ狭く絞れるように工夫しましょう。
例えばこの問題では、最初にX、Yの区別なく合計18となる組み合わせを考えていきましょう。条件Ⅲからそれぞれの組み合わせに5、10が片方ずつ含まれていることがわかります。一般的に倍数の条件は、数値の候補をかなり絞ることが出来る場合が多いので、最初に考えた方が良いです。それぞれカードの片方がわかったので、2つの組み合わせが（5、13）、（8、10）だとわかります。後は条件ⅡからYの組み合わせが（8、10）だとわかるので、答えは8です。
このように労力を減らすために、出来るだけ数値の範囲や候補を狭くできる方法を考えることが重要です。"
整数,23,"星が1〜6個書いてあるカードを1枚ずつ用意し、これをX、Y、Zの3人にランダムに2枚ずつ配った。配ったカードについて以下ことが分かっている。

Ⅰ　XとYのカードの星の数の合計は等しい。

Ⅱ　Zが持つカードの星の数の合計は9もしくは10である。

Zが持つカードのうち少ない星の方の数はいくつか。","A. 1
B. 2
C. 3
D. 4
E. 5
F. 9","答え：C

1〜6のうち合計が9か10になる組み合わせは（３、６）（４、５）（４、６）である。

1〜6の合計が21であることを考えると、Zの合計が10のときは、XとYの合計が21 – 10 = 11になってしまい、Ⅰに反する

よって、Zは（３、６）（４、５）のどちらか。

（３、６）のとき：残りは１、２、４、５であり、（１、５）（２、４）とするとⅠを満たす。

（４、５）のとき：残りは１、２、３、６であり、このうちからⅠを満たす組み合わせは作れない。

以上より、Zの少ない方の星の数は３。","非言語の推論の問題は情報を整理する力が求められます。このような整数問題では、数値の範囲や候補を条件から絞っていくことが定石です。その際、出来るだけ狭く絞れるように工夫しましょう。
例えばこの問題では、「条件Ⅰから、XとYの2人の合計は必ず偶数となる」ということに気付けるかが重要となります。X、Y、Zの3人の合計は21なので、XとYの2人の合計は偶数となるとき、Zの合計が9であることがわかります。それと同時に、X、Yの合計がそれぞれ6だとわかります。これらを満たすカードの組み合わせを考えていきましょう。
このように労力を減らすために、出来るだけ数値の範囲や候補を狭くできる方法を考えることが重要です。"
整数,24,"おまんじゅうが40個おいてあった。これをP、Q、R、Sの4人がそれぞれいくつか食べた。

Ⅰ　ＰとＱは同じ数食べた。

Ⅱ　ＰはＲよりも5つ多く食べた。

おまんじゅうの残りが4つで、ＳがＰよりも1つ多く食べた場合、Ｓはいくつ食べたか。","A. 9
B. 10
C. 11
D. 12
E. 13","答え：C

Pの食べた数をxとすると、４人の合計はx + x + ( x – 5) + ( x + 1 )＝4x – 4個となる。よって、4x – 4 = 40 – 4 = 36となり、x = 10。したがって、Ｓの食べた数は10 + 1 = 11個。","非言語の推論の問題は情報を整理する力が求められます。このような数値の差と合計から各数値を求める問題では、ある1つの数値を基準として設定することが定石です。
例えばこの問題では、Pの食べた個数を基準として、x個とおきましょう。すると条件から、残りの3人が食べた個数は「Q：x個、R：x―5個、S：x+1個」とわかります。次にxの数値を求める方法を考えましょう。4人の食べたお饅頭合計はxであらわせます。これが36個と一致するので、一次方程式を解くようにxの値を求めましょう。
このように基準を設定することで単純な数値計算として問題を解くことが出来るでしょう。"
整数,26,"15Lのドラム缶に9Lの石油が入っている。石油の供給会社P、Qと買取手のR、Sが以下のように作業を行った。

なお順番はこの通りではない。

・Pは5L石油を加えた

・Qは2L石油を加えた

・Rは2L石油を使った

・Sは4L石油を使った

全員の作業が終わった時点で、ドラム缶には何Lの石油が残っているか。ただし、石油がドラム缶からあふれ出ることはなかった。","A. 10
B. 11
C. 12
D. 13
E. 14","答え：A

すべての作業を行うと、9+5+2-2-4＝10L。","非言語の推論の問題は情報を整理する力が求められます。このような整数の問題では、解き始める前に条件を見て解くための方針を考えましょう。その際、解き方の根幹となるような重要な条件を見逃さないようにしましょう。
例えばこの問題では、「石油がドラム缶からあふれ出ることはなかった」という条件が重要となります。この条件より、全体として加えた量と使った量の差を考えれば、最終的な石油の量がわかります。
このように整数問題では、重要な条件に着目できれば問題をシンプルに考えることが出来るので、見落とさないように注意しましょう。"
整数,27,"箱に9個の宝石が入っている。ここで、宝石店の店員がP、Q、R、Sが以下の作業を行った。行った順番は不明である。

・Ｐは5個宝石を加えた。

・Ｑは2個宝石を加えた。

・Ｒは2個宝石を出した。

・Sは4個宝石を出した。

3人目の作業が終わった時点で、箱に12個の宝石が入っていた。Ｑが2人目に作業を行ったとして、3人目に作業を行ったのはだれか。ただし、箱に入る宝石は15個が限界である。","A. P
B. Q
C. R
D. S","答え：A

合計が12個となるのは、Ｐ、Ｑ、Ｓの3人が作業を行った場合である。

ここで、Ｐ、Ｑの二人が最初に作業を行った場合、9+5+2＝16となり15個を超過するので、Ｓ、Ｐ、ＱまたはＳ、Ｑ、ＰまたはＰ、Ｓ、ＱまたはＱ、Ｓ、Ｐの順に作業を行ったことになる。

このうち、Ｑが2人目に作業を行うのはＳ、Ｑ、Ｐの順である場合だから、3人目に作業を行うのはＰ。","非言語の推論の問題は情報を整理する力が求められます。このような整数の問題では、解き始める前に条件を見て解くための方針を考えましょう。
例えばこの問題では、①1人目から3人目までの組み合わせを求める、②その3人の順番を求める、という順番で解くことができます。①に関してですが、3人目の作業が終わった時点で全体として3個増加していたので、Qが2人目であることを考えれば、残りの2人はP、Sのみだと分かります。次に②に関しては、「箱に入る宝石は15個が限界である」という条件が重要となります。これに着目できれば1人目がPではないことがわかるでしょう。
このように整数問題では、解き方が時間や難易度を左右するので、丁寧に模索しましょう。"
整数,28,"P、Q、R、Sの4台のトラックに、合計32匹のサルが乗っている。これについて、次のことが分かっている。

Ⅰ　トラックに乗っているサルの数はすべて異なる

Ⅱ　どのトラックにも2匹以上乗っている

Ⅲ　ＰはＱよりも4匹多い

Ⅳ　Ｒのサルの数が一番多い

Sに8匹、RにPの2倍の数のサルが乗っている場合、Pは何匹か。","A. 4
B. 5
C. 6
D. 7
E. 8","答え：D

Ｐ、Ｑ、Ｒの合計が24匹に等しくなるから、Ｐがx匹とすると、x + (x – 4) + 2x =(4x – 4)匹がＰ、Ｑ、Ｒの合計である。

全てのサルの合計が32匹で、Ｓが8匹だからＰ、Ｑ、Ｒの合計は24匹である。

したがって、4x – 4 = 24、ｘ＝7。よってＰには7匹乗っている。","非言語の推論の問題は情報を整理する力が求められます。このような数値の差と合計から各数値を求める問題では、ある1つの数値を基準として設定することが定石です。
例えばこの問題では、Pのサルの数を基準として、x匹とおきましょう。すると条件から、残りの3台のトラックのサルの数は「Q：x-4匹、R：2x匹、S：8匹」とわかります。次にxの数値を求める方法を考えましょう。4台のサルの合計はxであらわせます。これが32匹と一致するので、一次方程式を解くようにxの値を求めましょう。
このように基準を設定することで単純な数値計算として問題を解くことが出来るでしょう。"
整数,29,"ある動物園にはトラが合計32匹いる。Ｐ、Ｑ、Ｒ、Ｓの4つの檻に分かれて入っている。それぞれの檻に関して以下のことがわかっている。

Ⅰ　どの檻にも2匹以上は入っている

Ⅱ　ＰはＱよりも4匹多い

Ⅲ　Ｒのトラの数が一番多い

Ⅳ　同じ数のトラが入っている檻はない

ＲがＰより3匹多く、ＳがＰより1匹または2匹多いとき、Ｐに入っているトラは何匹か。","A. 7
B. 8
C. 9
D. 10
E. 11","答え：B

Ｒが最もトラの数が多いことから、条件より、Ｒ、Ｓ、Ｐ、Ｑの順になる。

また、ＳはＰより1匹または2匹多いので、すべての合計はx + (x – 4) + (x + 3) + (x + 2) = (4x + 1)匹または4x匹となる。

ここで、xが整数となるのは合計が4x匹になる場合であるから、4x = 32。x = 8匹。よってＰには8匹入っている。","非言語の推論の問題は情報を整理する力が求められます。このような数値の差と合計から各数値を求める問題では、ある1つの数値を基準として設定することが定石です。
例えばこの問題では、Pのトラの数を基準として、x匹とおきましょう。すると条件から、残りの3つの檻のトラの数は「Q：x-4匹、R：x+3匹、S：x+1匹またはx+2匹」とわかります。次にxの数値を求める方法を考えましょう。4つの檻のトラの合計はxであらわすことができ、これが32匹と一致します。全体が偶数となるようにsの数を決定し、一次方程式を解くようにxの値を求めましょう。
このように基準を設定することで単純な数値計算として問題を解くことが出来るでしょう。"
整数,30,"餅が31個ある。これをＰ、Ｑ、Ｒ、Ｓの4人がそれぞれいくつか食べた。

Ⅰ　ＰとＱは同じ数食べた。

Ⅱ　ＰはＲよりも2つ多く食べた。

ＳがＰよりも1つ多く食べた場合、Pはいくつ食べたか。","A. 6
B. 7
C. 8
D. 9
E. 10","答え：C

Ｐの食べた数をxとすると、４人の合計はx + x + (x – 2) + (x + 1)＝4x – 1個となる。よって、4x – 1 = 31 となり、x = 8。よって8個。","非言語の推論の問題は情報を整理する力が求められます。このような数値の差と合計から各数値を求める問題では、ある1つの数値を基準として設定することが定石です。
例えばこの問題では、Pの食べた個数を基準として、x個とおきましょう。すると条件から、残りの3人の食べた個数は「Q：x個、R：x-2個、S：x+1個」とわかります。次にxの数値を求める方法を考えましょう。4人食べた饅頭の合計はxであらわすことができ、これが31個と一致します。一次方程式を解くようにxの値を求めましょう。
このように基準を設定することで単純な数値計算として問題を解くことが出来るでしょう。"
整数,31,"数字の１〜１０が書かれた紙を1枚ずつ用意した。この中から、XとYの2人がそれぞれ3枚ずつ選んだ。選んだ紙について以下のことが分かっている。

Ⅰ 　Xの選んだ紙の数字の合計は6である。

Ⅱ 　Yが選んだ紙の数字の合計は20であった。

Ⅲ 　Yが選んだ紙の数字は2枚は3の倍数であった。

Yが選んだ紙のうち最も小さい数字はいくつか。","A. 2
B. 3
C. 4
D. 5
E. 6
F. 7","答え：D

Ⅰより、Xは１、２、３を選んだ。

Ⅱ、Ⅲより、Yが選んだ数字は（３、９、８）（６、９、５）のいずれか。

これらを合わせると、Yが選んだのは（５、６、９）となるので最も小さいのは５。","非言語の推論の問題は情報を整理する力が求められます。このような整数問題では、数値の範囲や候補を条件から絞っていくことが定石です。その際出来るだけ狭く絞れるように工夫しましょう。
例えばこの問題では、条件ⅠからXの数字が（1、2、3）だとわかります。条件Ⅰのように、合計がとても小さい場合は候補が少なくなるので、先に考えましょう。次に条件Ⅲから、Yは3を除いた3の倍数である6、9を選んでいることがわかります。条件Ⅱから、Yの残りの数字は5だとわかるので、求める答えは5となります。
このように労力を減らすために、出来るだけ数値の範囲や候補を狭くできる方法を考えることが重要です。"
整数,32,"数字の１〜９のマスがある３×３のパネルを用意した。この中から、XとYの2人がそれぞれ4枚のパネルを選んだ。選んだパネルについて次のことが分かっている。

Ⅰ 　Xの選んだパネルの数字の合計は20である。

Ⅱ 　Yが選んだパネルの数字の合計は22である。

Ⅲ 　Yが選んだ4枚のパネルの数字は全て連続していた。

Xが選んだパネルのうち2番目に大きい数字はいくつか。","A. 5
B. 6
C. 7
D. 8
E. 9","答え：D

１〜９の合計は(1 + 9) × 9 ÷ 2 = 45なので、45 – 20 – 22 = 3より3だけ選ばれていない。

また、Ⅱより大きさが中間の2枚の合計は22 ÷ 2 = 11である。よって、これを満たすのは

（４、５、６、７）である。

これらより、Xが選んだ数字は（１、２、８、９）なので、2番目に大きい数字は８。","非言語の推論の問題は情報を整理する力が求められます。このような重複のない整数の問題では、解き始める前に条件を見て解くための方針を考えましょう。
例えばこの問題では、「9枚のカードの数字の和から残り8枚のカードの数字の和を引けば、残り1枚のカードの数字となる」ということに気付けるかが重要となります。今回は3が選ばれていない数字となります。次に条件Ⅱ，Ⅲについて考えましょう。4つの数字の和が22なので、平均して5.5となります。これが平均となるような4連続の数字は4、5、6、7であることがわかります。あとは残りの数字がxの数字となります。
このように整数問題では解くための方針が時間や難易度を左右するので、丁寧に模索しましょう。"
整数,33,"トランプのクローバーの１〜３とスペードの１〜３、合計6枚用意した。この中から、XとYの2人がそれぞれ3枚ずつ選んだ。選んだトランプについて次のことが分かっている。

Ⅰ 　Xの選んだトランプの数字の合計は5である。

Ⅱ 　Xが選んだトランプにスペードはちょうど2枚含まれていた。

Ⅲ　Yが選んだトランプにはスペードの3が含まれていた。

Yが持っているトランプのうち最も小さい数字のカードはどれか。","A. クローバーの１
B. スペードの１
C. クローバーの１とスペードの１
D. クローバーの２
E. スペードの２","答え：A

Ⅰより、Xの組み合わせは、（１、１、３）（１、２、２）。同じ数字のどちらかにはスペードが含まれているので、Ⅱより、前者であればスペードの３、後者であればスペードの１を持っていることになる。

Ⅲより、スペードの３はYが持っているので、Xが持っているのは（スペード１、クローバー２、スペード２）、Yが持っているのは（クローバー１、クローバー３、スペード３）。

よってクローバーの１。","非言語の推論の問題は情報を整理する力が求められます。このような重複のない整数の問題では、解き始める前に条件を見て解くための方針を考えましょう。
例えばこの問題では、条件Ⅱ、Ⅲからスペードの所在が全てわかることに気付けるかが重要です。これらの条件からXはスペードの1と2、Yはスペードの3を持っていることがわかります。次に条件ⅠからXのもう一枚がクローバーの2であることがわかるので、Yのカードがクローバーの1と3、スペードの3であることがわかります。
このように整数問題では解くための方針が時間や難易度を左右するので、丁寧に模索しましょう。"
整数,34,"XとYとZの３人がお金を出し合って1つのプレゼントを買った。これについて次のことが分かっている。

Ⅰ　7500円のプレゼントを買った。

Ⅱ　XはYよりも1800円多く払っている。

Ⅲ　Zが出したお金は、XとYが出したお金の合計の半分である。

Xが出したお金はいくらか。","A. 1900
B. 2500
C. 2900
D. 3400
E. 3600","答え：D

Ⅰ、Ⅲより、XとYが出したお金の合計は、7500×2/3 =5000円。

よって、Xが出したお金は(5000+1800) × 1/2 = 3400円。","非言語の推論の問題は情報を整理する力が求められます。このような整数問題では、数値の範囲や候補を条件から絞っていくことが定石です。
例えばこの問題は、Xの出したお金を文字でおいて解くこともできますが、条件Ⅲがあることで少し計算が面倒になります。そこで条件Ⅲを利用して、全体額から個人の額へと分配するように解いていきましょう。条件ⅢからXとYは全体の2/3のお金を出したことがわかります。これと条件Ⅰより、XとYは5000円出したことが計算できるので、条件Ⅱを満たすようにXとYの額を求めましょう。
このように労力を減らすために、出来るだけ数値の範囲や候補を狭くできる方法を考えることが重要です。"
整数,36,"X、Y、Z、V、Wの5チームがサッカーのリーグ戦をおこなった。結果について以下のことがわかった。

Ⅰ　XはYだけに負けた。

Ⅱ　Zは3勝1敗

Ⅲ　WはYに勝った

すべての勝敗が確定をするためには、Ⅰ〜Ⅲとは別に、次のア、イ、ウのうち最低限どれが加わればよいか。AからHで1つ選びなさい。なお、引き分けはないものとする。

ア　Yは2勝2敗

イ　WはVに勝った

ウ　Vは2勝2敗","A. アだけ
B. イだけ
C. ウだけ
D. アとイ
E. アとウ
F. イとウ
G. アとイとウ
H. 正しい推論はない","答え：C











以上の図を参照する。

ア　Yは2勝2敗　←①は確定するするが、②は確定しない

イ　WはVに勝った　←②は確定するするが、①は確定しない

ウ　Vは2勝2敗　←①も②も確定する

従ってウのみ正しい。","非言語の推論の問題は情報を整理する力が求められます。リーグ戦のような多くの試合がある問題を頭の中だけで考えることは難しいので、表を用いてまとめることが重要です。
例えばこの問題では、縦と横にX、Y、Z、V、Wをそれぞれとった総当たり戦の表を書いてみましょう。勝った方に〇、負けた方に×をつけていくと、Ⅰ,Ⅱ、Ⅲの情報でYvsV、VvsW以外の全ての結果が埋まることがわかります。すべての勝敗が確定するということは表が全て埋まるということであるので、YvsV、VvsWの結果が確定するような最低限の選択肢の組み合わせが解答となります。
このように表を書くことで情報が整理され、正確に問題を解くことが出来るでしょう。"
整数,37,"テニスの全国大会の決勝にP、Q、R、S、Tの5人が出場した。今までの対戦経験について次のことがわかっている。

Ⅰ　Pさんは3人と対戦経験がある。

Ⅱ　QさんはRさんとだけ対戦経験がある。

最も少ない情報で5人全員の対戦経験を確定するには、Ⅰ、Ⅱのほか、次のア、イ、ウのうち最低限どれが加わればよいか。AからHで1つ選びなさい。

ア　3人とだけ対戦経験がある人物はPさんのほかに1人だけいる

イ　SさんとTさんは対戦経験がある

ウ　RさんとTさんは対戦経験がある","A. アだけ
B. イだけ
C. ウだけ
D. アとイ
E. アとウ
F. イとウ
G. アとイとウ
H. 正しい推論はない","答え：E
















以上の図を参照する。対戦経験があれば◯、対戦経験がなければ×とする。Ⅰ、Ⅱの条件から以上のように埋まる。①、②、③の部分は埋まらない。

ア　3人とだけ対戦経験がある人物はPさんのほかに1人だけいる　

Pさんのほかに3人とだけ対戦経験があるのがSなら、①③は○。そこで②が×だとRも3人とだけ対戦経験があることになってしまうので②は○でないといけない。すると今度はTが3人とだけ対戦経験があることになってしまう。従って成り立たない。

同様にPさんのほかに3人とだけ対戦経験があるのがTだとしても成り立たない。

Pさんのほかに3人とだけ対戦経験があるのがRであるなら、①または②が×、③が×で成り立つ。

イ　③が○。アと組み合わせても③が×でないといけないので、成り立たない。

ウ　②が○。①③を×にして仕舞えば、アと組み合わせれば①②③全て確定できる。

従ってアとウを加えるのが正しい。","非言語の推論の問題は情報を整理する力が求められます。この問題のよう多くの組み合わせがある問題を頭の中だけで考えることは難しいので、表を用いてまとめることが重要です。
例えばこの問題では、縦と横にP、Q、R、S、Tをそれぞれとった1vs1の組み合わせの表を書いてみましょう。Ⅰ,Ⅱ、Ⅲの情報でRvsS、RvsT、SvsT以外の結果を埋めることができます。すべての対戦経験が確定するということは表が全て埋まるということです。情報が少ない順にAから選択肢を代入していき、はじめてのRvsS、RvsT、SvsTの対戦経験が確定する選択肢が解答となります。
このように表を書くことで情報が整理され、正確に問題を解くことが出来るでしょう。"
整数,38,"P、Q、R、S、T、U、V、Wの8チームがサッカーの大会でトーナメント戦を争った。対戦について次のⅠ〜Ⅲがわかった。

Ⅰ　QはT、U、Wと戦った。ただし順不同である。

Ⅱ　Pは2回戦で戦う可能性があったのはS、Uである。

Ⅲ　Pが1回戦で戦ったのは、Rではない。

Pが1回戦で戦ったのはどのチームか。","A. P
B. Q
C. R
D. S
E. T
F. U
G. V
H. W","答え：G












以上の図を参照する。

Ⅱより、SとUは1回戦で戦った。また、ⅠよりPとQは対戦していない。よって以上の図のようになる。QはT、U、Wと戦ったので、TとWは表の右半分にいる。また、Ⅲより答えはVとなる。",No advice provided for this question.
整数,39,"ＰＱＲＳの4人チームで毎年恒例のサッカーの総当たり戦が行われた。

順位に関して次のことが分かっている。なお、同じ順位のチームはない。

Ⅰ　Ｐは昨年より順位が3つ下だった。
Ⅱ　Ｑは今年と昨年で順位が変わらなかった。
Ⅲ　Ｒは今年2位であった。

今年の順位を左が上位として並べたとき、ただしいものを選べ。","A. SRPQ
B. SRQP
C. PRSQ
D. RPQS","答え：B

Ⅰ、Ⅲより、次のことが分かる。
昨年　Ｐ〇〇〇　今年　〇Ｒ〇Ｐ

これとⅡより、次のことが分かる。
昨年　Ｐ〇Ｑ〇　今年　〇ＲＱＰ

よって、今年はＳＲＱＰ","非言語の推論の問題は情報を整理する力が求められます。このような条件から順位を推測する問題では、条件を考える順番が大切です。順位を確定できる条件や簡単な条件から処理していきましょう。
例えばこの問題では、条件Ⅲ→条件Ⅰ→条件Ⅱの順番で考えましょう。条件Ⅲは言わずもがなですが、実は条件Ⅰも「Pが去年1位、今年4位」であると確定できる条件です。後はQ以外が同じ順位にならないという条件と条件Ⅱを満たすように残りの順位を穴埋めしましょう。
このように条件を考える順番を工夫することで、複数の場合を考えることなく問題を解くことができます。"
整数,40,"ＰＱＲＳの4チームでラグビーの総当たり戦を行った。順位について次のことが分かっている。なお、同じ順位のチームはない。

Ⅰ　Ｐ、Ｑ、Ｓは今シーズン、前シーズンよりも順位が上がった。
Ⅱ　Ｑは前シーズン4位であり、今シーズンは3位であった。
Ⅲ　Ｓは前シーズン2位であった。

今シーズンの順位を左を上位としてならべたとき、ただしいものはどれか。","A. SPQR
B. SRQP
C. PRQS
D. RPQS","答え：A

Ⅰより、Ｒは1位→4位、それ以外は１つずつ順位を上げたことがわかる。
これと、Ⅱ、Ⅲより次のことが分かる。
昨年　ＲＳ〇Ｑ　今年　Ｓ〇ＱＲ

よって、ＳＰＱＲ","非言語の推論の問題は情報を整理する力が求められます。このような条件から順位を推測する問題では、条件を考える順番が大切です。順位を確定できる条件や簡単な条件から処理していきましょう。
例えばこの問題では、条件Ⅱ→条件Ⅲ→条件Ⅰの順番で考えましょう。条件Ⅱや条件Ⅲは順位について確定した情報を与えてくれます。逆に条件Ⅰは複数の候補が考えられてしまう条件なので、後回しにしましょう。しかし、条件Ⅱや条件Ⅲを考えた後であれば、例えばSが今シーズン1位だと確定できたり、さらにそこからPとRの順位を確定できたりと、より確定度の高い情報へと変化します。
このように条件を考える順番を工夫することで、複数の場合を考えることなく問題を解くことができます。"
整数,41,"日本、中国、ドイツ、韓国の4カ国が卓球の総当り戦を2回行った。1回目と2回目の順位について次の情報を得た。ただし、同じ順位のチームはない。

Ⅰ　2回目の日本、中国、韓国は、1回目よりも順位が上がった。
Ⅱ　日本は1回目4位であった。

2回目の順位を報道したいが、次のうちどの情報が加われば順位が確定するか。

ア　韓国は2回目1位であった。
イ　ドイツは2回目4位であった。
ウ　2回目は中国は日本よりも順位が高かった。","A. アだけ
B. イだけ
C. ウだけ
D. アとイ
E. アとウ
F. イとウ","答え：A

Ⅰより、ドイツが1回目に1位であり、2回目に4位に順位が下がっており、それ以外３国は１つずつ順位を上げたことがわかる。
なぜなら、ドイツ以外の３チーム全ての順位が上がっているためである。
これとⅡより、次のことが分かる。
1回目　独〇〇日　2回目　〇〇日独

ア：韓国が1位と分かると2回目の順位は確定する。
イ：ドイツが2回目4位であることは既に分かっている。
ウ：2回目中国が日本よりも順位が高いことは既に分かっている。

以上より、アが正しい。","非言語の推論の問題は情報を整理する力が求められます。このような条件から順位を推測する問題では、条件が示している文字通り以上の意味を見つける必要があります。
例えばこの問題では、条件Ⅰは日本、中国、韓国について述べている情報ですが、実はドイツの順位を確定することができる条件となっています。なぜなら条件Ⅰは日本、中国、韓国が1回目で1位、2回目で4位を取っていないことを示しているので、残ったドイツがこの順位に入ることが確定するからです。また、条件Ⅱについても条件Ⅰと組み合わせれば、日本が2回目に3位しか入れないことがわかります。
このように条件が示している意味について深く考える癖をつけると良いでしょう。"
整数,42,"Ｐ、Ｑ、Ｒ、Ｓで徒競走を行った。4人の順位に関して次のことが分かっている。

Ⅰ　ＳはＱ、Ｒよりも順位が高かった。
Ⅱ　ＱはＰよりも順位が高かった。
Ⅲ　Ｐは4位ではなかった。

左から順に1位～4位の人を並べたとき正しいものはどれか。","A. PRSQ
B. RPQS
C. SQPR
D. SPRQ","答え：C

Ⅰ、Ⅱより、Ｓが1位であることが分かる。
また、これらとⅢより、Ｒが4位であること分かり、Ⅱより、Ｑが2位である。

以上より、ＳＱＰＲとなる。","非言語の推論の問題は情報を整理する力が求められます。このような条件から順位を推測する問題では、わかっている情報を不等号などの記号でわかりやすく整理しましょう。
例えばこの問題では、条件Ⅰと条件Ⅱより、「S＞Q＞P、S＞R」と表せます。また、条件ⅢよりPは4位ではないので、条件Ⅰと条件ⅡよりPは3位しかあり得ないことがわかります。ゆえに「S＞Q＞P＞R」であると確定できます。
このように情報を符号で整理することで情報をわかりやすくまとめることができます。"
整数,43,"Ｐ、Ｑ、Ｒ、Ｓ、Ｔで長距離走を行った。５人の順位に関して次のことが分かっている。

Ⅰ　ＳはＱ、Ｒよりも順位が低かった。
Ⅱ　ＱはＰ、Ｔよりも順位が高かった。
Ⅲ　Ｒ、Ｓは４位以下であった。

１位であったのは誰か。","A. P
B. Q
C. R
D. S
E. T","答え：B

Ⅰ、Ⅱより、1位として可能性があるのはＱかＲ。
Ⅲより、1位はＱと分かる。","非言語の推論の問題は情報を整理する力が求められます。このような条件から順位を推測する問題では、わかっている情報を不等号などの記号でわかりやすく整理しましょう。
例えばこの問題では、条件Ⅰは不等号で「Q、R＞S」と表せます。また、条件Ⅱは「Q＞P、T」と表せます。条件Ⅲは少し特殊ですが、「P、Q、T＞R、S」と表せます。これらから、「Q＞P、T＞R、S」であることがわかるので、Qが1位とわかります。
このように情報を符号で整理することで情報をわかりやすくまとめることができます。"
整数,44,"Ｐ、Ｑ、Ｒ、Ｓの4人が、1回ずつおみくじを引いた。おみくじは吉2本と凶2本で、これについて次のことが分かっている。

Ⅰ　最初に吉を引いたのはＱだった。
Ⅱ　連続して吉は出ていない。
Ⅲ　ＰはＳよりも先に引き、ＲとＳは凶であった。

このとき、引いた順番に左から並べるとどのようになるか。","A. QRPS
B. QRSP
C. RQPS
D. RQSP","答え：A

Ⅱより、考えられる吉（○）凶（×）の順番は次の3通り。
〇×〇×
〇××〇
×〇×〇

Ⅲより、Ｐは吉である。また、ⅠよりＰは最後に吉を出しているので3番目か4番目である。
Ⅲより、ＰはＳよりも先に引いているのでＰが3番目、Ｓが4番目。

以上より、ＱＲＰＳ","非言語の推論の問題は情報を整理する力が求められます。このような条件から順位を推測する問題では、選択肢が条件をすべて満たしているかで消去法を使うこともできます。
例えばこの問題は、解説のように条件から順々に情報を得て解くことが正攻法です。しかし、このように「1つ選ぶ」、「1番だけでなくすべての順番が選択肢となっている」、「選択肢の数が少ない」問題は消去法に向いています。もし引いた最初の1番だけしか選択肢になっていないような問題であったら、条件を満たしているかが確認しづらいので、消去法は避けましょう。
このように消去法に向いている問題と判断できたら、各選択肢が条件を満たすかだけ確認すれば良いので簡単に解くことができます。"
整数,45,"X、Y、Z、Wの4人のバッターが打席に立った。このうち、2人はヒットを打ち、残りの2人は三振である。これに関して次のことが分かっている。

Ⅰ　最初にヒットを打ったのはYだった。
Ⅱ　連続してヒットは出ていない。
Ⅲ　XはWよりも先に打席に立ち、Wは三振であった。

このとき、必ず正しいといえる推論はどれか。","A. Xはヒットであった。
B. XはZよりも先に打席に立っている。
C. YはWよりも先に打席に立っている。
D. ZとWは連続して打席に立っている。","答え：C

Ⅱより、考えられるヒット三振の順番は次の3通り。
〇×〇×
〇××〇
×〇×〇

これとⅠ、Ⅲより、Wはいずれの場合も最後に引いているので、それぞれ以下のようになる。
Y×〇W
YXWZ
XYWZ

以上より推論する。

Ａ　Xは三振の場合もある。
Ｂ　ZがXよりも先に打席に立っている場合もある。
Ｃ　いずれの場合もYはWよりも先である。
Ｄ　ZとWの間にXが入る場合もある。

これらより、Ｃが正しい。","非言語の推論の問題は情報を整理する力が求められます。このような条件から順位を推測する問題では、わかっている情報を不等号などの記号でわかりやすく整理しましょう。
例えばこの問題では、ヒットを〇、三振を×で表しましょう。条件Ⅱより、考えられる順番は〇×〇×、〇××〇、×〇×〇の3通りです。一度誰が打ったかではなく、ヒットと三振の順番だけで考えましょう。次に条件Ⅰと条件Ⅲより誰がどこを打ったが部分的にわかるので、そこを〇と×からアルファベットに置き換えます。その状態をベースとして選択肢が正しいかを確かめていきましょう。
このように情報を符号で整理することで考えるための下地を作ることができます。"
整数,46,"Ｐ、Ｑ、Ｒ、Ｓの4人が感染症の検査を行った。次のことが分かっている。

Ⅰ　最初に陽性が出たのはＱだった。

Ⅱ　連続して陽性者は出ていない。

Ⅲ　ＰはＳよりも先に検査をし、Ｓは陰性であった。

Ⅳ　陽性者と陰性者はそれぞれ2人ずつである。

最も少ない情報で、全員の検査を受けた順番と結果を確定させるには、Ⅰ~Ⅲの情報のほか、次のア、イ、ウのうちどれが加わればよいか。

ア　Ｑは１番目に検査を受けている。
イ　ＰはＲよりも後に受けている。
ウ　Ｓは3番目以降に受けている。","A. アだけ
B. イだけ
C. ウだけ
D. アとイ
E. アとウ
F. イとウ","答え：B

Ⅱより、考えられる陽性（◯）陰性（×）の順番は次のＸ、Ｙ、Ｚの3通り。
Ｘ：〇×〇×
Ｙ：〇××〇
Ｚ：×〇×〇

これとⅢより、Ｓはいずれの場合も最後に受けているので、それぞれ以下のようになる。
Ｘ：Ｑ×〇Ｓ
Ｙ：ＱＰＳＲ
Ｚ：ＰＱＳＲ

以上より推論する。

ア：これよりＸかＹに絞れる。
イ：これより可能性としてXのみに絞れる。
ウ：これは既に分かっていることである。

これらより、イだけが必要最低限である。","非言語の推論の問題は情報を整理する力が求められます。このような条件から順番と結果を推測する問題では、わかっている情報を記号でわかりやすく整理しましょう。
例えばこの問題では、まず陽性と陰性の順番だけで考えてみましょう。陽性を〇、陰性を×で表すとすると、条件Ⅱと条件Ⅳより、考えられる順番は〇×〇×、〇××〇、×〇×〇の3通りです。次に条件Ⅰと条件Ⅲより誰がいつ検査したかが部分的にわかるので、そこを〇と×からアルファベットに置き換えます。最後に、考えられる3通りのうち1通りに確定できるような選択肢を探しましょう。
このように情報を記号で整理することで考えるための下地を作ることができます。"
整数,47,"Ｐ、Ｑ、Ｒ、Ｓの4人は駅伝の同じ区間に出場した。この順番にレースをスタートし、それぞれが区間を完走した。これに関して次のことが分かっている。

Ⅰ　Pは２つ順位を落とした。

Ⅱ　Qはこの区間を最も短いタイムで走った。

Ⅲ　RはSよりも短いタイムで走った。

4人のゴールした時の順位として正しいのはどれか。","A. QRPS
B. QPRS
C. RQPS
D. QSPR","答え：A

PQRSの順でレースをスタートしており、

Ⅱより、QはR,Sには抜かれていない、

Ⅲより、RはSに抜かれていないことより、

Q,R,Sの３人ではQ,R,Sの順にゴールしていることがわかる。

また、ⅠよりPは２人に抜かれているため、QRPSという順位になる。","非言語の推論の問題は情報を整理する力が求められます。このような条件から順位を推測する問題では、条件が示している文字通り以上の意味を理解する必要があります。
例えば、条件Ⅱは「Qのタイムが一番短かった」ということを述べていますが、この問題におけるこの情報の意味は「Qは自分より後にスタートしたRとSには抜かれなかった」ということです。Qより先にスタートしたPを抜けたかは、この条件からはわかりません。同様に条件Ⅲは、「Rは自分より後にスタートしたSには抜かれなかった」ということを意味しています。これらの情報と条件Ⅰを組み合わせて順番を推理していきましょう。
このように条件が示している意味について深く考える癖をつけると良いでしょう。"
整数,48,"Ｐ、Ｑ、Ｒ、Ｓの4人でテニスのシングルスの総当たり戦を行い、その勝ち数によって順位付けをした。ただし、勝った数が同じだった人は存在しなかった。これについて次のことが分かっている。

Ⅰ　Ｐは全勝している。
Ⅱ　ＱはＲに勝っている。
Ⅲ　Ｓの勝ち数は１勝である。

このとき２位は誰であるか。","A. P
B. Q
C. R
D. S","答え：B

４人の総当り戦で、かつ、勝ち数が同じだった人がいなかったので４人の勝ち数はそれぞれ０、１、２、３である。
Ｐが３勝、Ｓが１勝なので、Ⅱを考えると、Ｑが２勝、Ｒが０勝である。
以上より、２位はＱである。","非言語の推論の問題は情報を整理する力が求められます。このような条件から順位を推測する問題では、解き方の根幹となるような重要な条件を見逃さないようにしましょう。
例えば、この問題における重要な条件は問題文の「勝った数が同じだった人は存在しなかった」という情報となります。この情報によって「４人の勝ち数はそれぞれ０、１、２、３である」ということがわかるので、勝ち数にそれぞれ人を当てはめていくことで解くことができます。条件Ⅰと条件ⅢからＰが３勝、Ｓが１勝だとわかるので、条件ⅡからQが2勝、すなわち2位だとわかります。
このように重要な条件に気付けるかが難易度を左右するので注意しましょう。"
平均,49,"P、Q、R、Sの4人が100点満点のカラオケの採点をしたところ、次の結果になった。
Ⅰ　4人の平均点は60点だった。
Ⅱ　QとRの平均点は50点であった。
Ⅲ　SはPよりも10点高かった。

このとき、必ず正しいといえる推論の組み合わせはどれか。

ア：SはQよりも点数が高い。
イ：Rは4人の中で最高点である。
ウ：Sは4人の中で少なくとも最低点ではない。","A. アだけ
B. イだけ
C. ウだけ
D. アとイ
E. アとウ
F. イとウ
G. アとイとウ
H. 正しい推論はない。","答え：C

ア: SとQの点数の上下関係は分からないので、必ずしも正しいとは限らない。
イ: 少なくともQとRの点数の上下関係は分からないので、必ずしも正しいとは限らない。
ウ: 4人の合計点は60×4＝240点。QとRの合計点は50×2＝100点。よって、PとSの合計点は240－100=140点。よって、Sは、(140＋10)÷2 = 75点。QとRの平均点は50点なので少なくともどちらかは75点以下である。よって、これは正しい。","非言語の推論の問題は情報を整理する力が求められます。このように平均から各数値を求める問題では、わからない数値を一度文字でおいて式で整理しましょう。
例えばこの問題では、P、Q、R、Sの点数をそれぞれP、Q、R、Sと置きます。文字を用いると、条件Ⅰは「P＋Q＋R＋S=240」、選択肢アは「Q＜S」のように表せます。選択肢Ⅰ～Ⅲを連立方程式のように解けば、さらに式をコンパクトにすることができます。まず選択肢ア～ウに関して反例を探して、必ず正しいとは言えないものを消去しましょう。それから残った選択肢について必ず正しいかを確かめた方が早いです。
このように条件を文字で表すことで、情報をわかりやすく整理することが出来ます。"
平均,50,"P、Q、R、Sの4人が100点が最高点のゲームをしたところ、次の結果になった。
Ⅰ　4人の平均点は60点だった。
Ⅱ　QとRの平均点は50点であった。なお、二人の得点は異なる。
Ⅲ　SはPよりも10点高かった。

 

最も少ない情報で4人の点数すべてが確定するには、Ⅰ～Ⅲのほか、次のア、イ、ウのうちどれが加わればよいか。正しい組み合わせを選べ。

ア　Qが4人の中で最低点である。
イ　QとSの平均点は70点である。
ウ　4人の中で得点が同じ人がいる。","A. アだけ
B. イだけ
C. ウだけ
D. アとイ
E. アとウ
F. イとウ
G. アとイとウ
H. 正しい推論はない。","答え：B

4人の合計点は60×4=240点。QとRの合計点は50×2=100点。よって、PとSの合計点は240-100=140点。よって、Sは、(140+10)÷2 = 75点。Pは65点。
ア：Qが最低点であることだけしか分からない。
イ：Q+S=140と分かるので、Q=140-75=65点。R＝100-65=35点とすべて確定できた。
ウ：P、Q、RもしくはQ、R、Sのうちのだれか2人が同じ得点であることが分かる。
以上より、イのみで4人の点数が確定できる。","非言語の推論の問題は情報を整理する力が求められます。このように平均から各数値を求める問題では、わからない数値を一度文字でおいて式で整理しましょう。
例えばこの問題では、P、Q、R、Sの点数をそれぞれP、Q、R、Sと置きます。この文字を用いて各条件と選択肢を表します。例えば、条件Ⅰは「P＋Q＋R＋S=240」、選択肢アは「Q＜P、R、S」のように表せます。4人の点数が確定するということは、すなわちP、Q、R、Sの値が全てわかるということです。条件Ⅰ～Ⅲを用いると、P、Sはわかるので、残りのQ、Rがわかるような選択肢の組み合わせが答えです。
このように条件を文字で表すことで、情報をわかりやすく整理でき、既知と未知の数値が区別しやすくなります。"
平均,51,"P、Q、R、Sの4人の体育の成績は、次の結果になった。ただし、満点は100点である。
Ⅰ　4人の平均点は60点だった。
Ⅱ　PとRの平均点は50点であった。
Ⅲ　RとSの平均点は65点であった。

このとき、必ず正しいといえる推論の組み合わせはどれか。

ア　QはRよりも点数が高い。
イ　Qが4人の中で最高点である。
ウ　Sが4人の中で最高点である。","A. アだけ
B. イだけ
C. ウだけ
D. アとイ
E. アとウ
F. イとウ
G. アとイとウ
H. 正しい推論はない。","答え：A

平均点の情報から、
P+Q+R+S=240点、P+R=100点、R+S=130点と分かる。
また、これよりP+Q=110点、Q+S=140点と分かる。
ア：PとQの合計点がPとRの合計点より高いのでQ＞Rであるので正しい。
イ：例えば、P=70、Q=40、R=30、S=100は成立するので、必ずしも正しいとは限らない。
ウ：例えば、P=10、Q=100、R=90、S=40は成立するので、必ずしも正しいとは限らない。

以上より、アのみが正しい推論である。","非言語の推論の問題は情報を整理する力が求められます。このように平均から各数値を求める問題では、わからない数値を一度文字でおいて式で整理しましょう。
例えばこの問題では、P、Q、R、Sの点数をそれぞれP、Q、R、Sと置きます。この文字を利用すると、条件Ⅰは「P＋Q＋R＋S=240」、選択肢アは「Q＞R」のように表せます。選択肢Ⅰ～Ⅲを連立方程式のように解けば、「P+Q=110」「Q+S=140」を導くことができます。選択肢ア～ウに関してまず反例を探して、必ず正しいとは言えないものを消去しましょう。それから必ず正しいかを確かめた方が早いです。
このように条件を文字で表すことで、情報をわかりやすく整理することが出来ます。"
平均,52,"P、Q、R、Sの4人がボウリングに行ったところ、次のような結果になった。
Ⅰ　4人の平均点は60点だった。
Ⅱ　PとRの平均点は50点であった。
Ⅲ　RとSの平均点は65点であった。

4人の点数すべてが確定するには、Ⅰ～Ⅲのほか、次のア、イ、ウのうち最低限どれが加わればよいか。正しい組み合わせを選べ。

ア　PとSの平均点は65点である。
イ　PはSよりも20点高い。
ウ　Sが4人の中で最高点である。","A. アだけ
B. イだけ
C. ウだけ
D. アとイ
E. アとウ
F. イとウ
G. アとイとウ
H. 正しい推論はない。","答え：A

平均点の情報から、
P+Q+R+S=240点、P+R=100点、R+S=130点と分かる。
また、これよりP+Q=110点、Q+S=140点と分かる。
ア：P+S=130点と分かるから、P+Q+P+R+P+S＝110+100+130=340点。したがって、P×2+P+Q+R+S=340だから、P×2=100。
よって、P=50、Q=60、R=50、S=80。
イ：PがSよりも20点高いことだけ分かる。
ウ：Sが4人の中で最も点が高いことだけ分かる。
以上より、アのみで点数が確定する。","非言語の推論の問題は情報を整理する力が求められます。このように平均から各数値を求める問題では、わからない数値を一度文字でおいて式で整理しましょう。
例えばこの問題では、P、Q、R、Sの点数をそれぞれP、Q、R、Sと置きます。文字を利用すると、条件Ⅰは「P＋Q＋R＋S=240」、選択肢アは「P+S=130」のように表せます。4人の点数が確定するということは、すなわちP、Q、R、Sの値が全てわかるということです。選択肢Aから試していき、連立方程式を解くようなつもりで、4つの文字の値を求めていきましょう。
このように条件を文字で表すことで、情報をわかりやすく整理でき、既知と未知の数値が区別しやすくなります。"
平均,53,"14個のケーキをP、Q、R、Sの4人に配った。配ったケーキの個数について次のことが分かっている。

Ⅰ　PとRがもらった個数の平均は、QとSがもらった個数の平均と等しい。
Ⅱ　Pがもらった個数は4人の中で最も多い。
Ⅲ　4人がもらった個数は全て異なる。

このとき、必ず正しいといえる推論の組み合わせはどれか。

ア　Qがもらった個数はSがもらった個数よりも多い。
イ　Rがもらった個数は4人の中で最も少ない。
ウ　Sがもらった個数は4人のもらった個数の平均よりも多い。","A. アだけ
B. イだけ
C. ウだけ
D. アとイ
E. アとウ
F. イとウ
G. アとイとウ
H. 正しい推論はない。","答え：B

PとRの平均とQとSの平均が等しい、かつ、合計が14個なのでP+R=Q+S=７である。
ア：QとSの大小関係は分からない。
イ：P+R=Q+S=7が成り立つことと、Pが最も多くもらっていることと、4人のもらった個数が異なることを合わせると、Rがもっとも少ないことが分かる。
ウ：Sが4人の平均（=3.5）よりも多いかどうかは分からない。",No advice provided for this question.
平均,54,"18個のボールをP、Q、R、Sの4人に配った。これについて次のことが分かっている。

Ⅰ　PとRがもらった個数の平均は、QとSがもらった個数の平均と等しい。
Ⅱ　Pがもらった個数は4人の中で最も多い。
Ⅲ　4人がもらった個数は全て異なる。

このとき、必ず正しいといえる推論の組み合わせはどれか。

ア　Qがもらった個数はSがもらった個数よりも多い。
イ　QかSのうちどちらかは、4人がもらった個数の平均よりも少ない。
ウ　Rがもらった個数は4人の中で最も少ない。","A. アだけ
B. イだけ
C. ウだけ
D. アとイ
E. アとウ
F. イとウ
G. アとイとウ
H. 正しい推論はない。","答え：F

PとRの平均とQとSの平均が等しい、かつ、合計が18個なのでP+R=Q+S=9である。
ア：QとSの大小関係は分からない。
イ：Q+S＝9なので考えられる組み合わせは、（８，１）（７，２）（６，３）（５，４）のいずれか。いずれにしても、4人の平均（＝4.5）よりもQとSのどちらかは少なくなることが分かる。
ウ：P+R=Q+S=7が成り立つことと、Pが最も多くもらっていることと、4人のもらった個数が異なることを合わせると、Rがもっとも少ないことが分かる。","非言語の推論の問題は情報を整理する力が求められます。このように推論が正しいかを判断する問題では、わかっている情報を一度整理して、考えるためのベースを構築しましょう。
例えばこの問題では、条件ⅠからPとR、QとSの合計がともに9であり、個数の組み合わせは（８、１）（７、２）（６、３）（５、４）のいずれかになります。条件ⅡよりPの個数を基準として場合分けを考えると良いでしょう。例えばPが7個の場合、Rは２個で、QとSの組み合わせは条件Ⅲより（６、３）（５、４）です。Pが8、7、6個の場合の3通りについてア～ウが正しいかを確かめれば良いこととなります。
このようにわかっている情報を一度整理して、考えるためのベースを構築することで、シンプルに問題を解くことが出来るでしょう。"
平均,55,"18個のお土産をP、Q、R、Sの4人に配った。これの個数について次のことが分かっている。

Ⅰ　PとRがもらった個数の平均は、QとSがもらった個数の平均と等しい。
Ⅱ　Pがもらった個数は4人の中で最も多い。
Ⅲ　4人がもらった個数は全て異なる。
Ⅳ　SはQよりももらった個数が多い。

このとき、必ず正しいといえる推論の組み合わせはどれか。

ア　2番目に多くもらったのはSである。
イ　3番目に多くもらったのはRである。
ウ　PとQがもらった個数の平均はRとSがもらった個数の平均より多い。","A. アだけ
B. イだけ
C. ウだけ
D. アとイ
E. アとウ
F. イとウ
G. アとイとウ
H. 正しい推論はない。","答え：E

PとRの平均とQとSの平均が等しい、かつ、合計が18個なのでP+R=Q＋S=9である。
ア：P+R=Q＋S=9が成り立つことと、Pが最も多くもらっていることと、4人のもらった個数が異なることを合わせると、Rがもっとも少ないことが分かる。また、SがQよりも多くもらっているので、Sが2番目に多くもらっている。
イ：上記より、Rは4人の中で最も少ない。
ウ：上記より、P＞S、Q＞Rが成り立つのでP+Q＞R+Sである。","非言語の推論の問題は情報を整理する力が求められます。このように推論が正しいかを判断する問題では、わかっている情報を一度整理して、考えるためのベースを構築しましょう。
例えばこの問題では、条件ⅠからPとR、QとSの合計がともに9であることがわかります。また、条件Ⅱより、Pが一番多いので条件ⅠにおいてPの相方であるRが一番少ないことがわかります。また、条件Ⅲ、Ⅳをあわせて考えれば、P＞S＞Q＞Rであることがわかります。この状態で推論が正しいかを判断しましょう。今回は個数の数字についての選択肢が無いので、不等号のみの大小関係だけで大丈夫です。
このようにわかっている情報を一度整理して、考えるためのベースを構築することで、シンプルに問題を解くことが出来るでしょう。"
平均,56,"P、Q、R、Sの身長を測定した。これについて次のことが分かっている。
Ⅰ　PはQよりも背が低い。
Ⅱ　RはPよりも背が高い。
Ⅲ　Sの身長はQとRの平均よりも高い。

このとき、必ず正しいといえる推論の組み合わせはどれか。
ア　Sの身長はPよりも高い。
イ　Rの身長はQよりも高い。
ウ　PとSの身長の平均はQとRの身長の平均よりも高い。","A. アだけ
B. イだけ
C. ウだけ
D. アとイ
E. アとウ
F. イとウ
G. アとイとウ
H. 正しい推論はない。","答え：A

Q>P、R＞P、S×2＞Q+Rが分かる。
ア：上記より、S×2＞P×2である。よって、SはPよりも高い。
イ：QとRの大小関係は分からない。
ウ：S×２はQ＋Rよりも大きいが、P×２はQ+Rよりも小さいのでP+SとQ+Rの大小関係は分からない。","非言語の推論の問題は情報を整理する力が求められます。このように推論が正しいかを判断する問題では、わかっている情報を記号などを用いて整理して、考えるためのベースを構築しましょう。
例えばこの問題では、条件Ⅰと条件Ⅱより、P＜Q、P＜Rであるとわかります。また、条件Ⅲより、2S＞Q＋Rです。条件Ⅰ、Ⅱより、2P＜Q＋Rなので、これらを合わせて考えると、2P＜Q＋R＜2Sであることがわかります。QとRの大小関係はわかりません。この状態で推論が正しいかを判断しましょう。
このようにわかっている情報を一度整理して、考えるためのベースを構築することで、シンプルに問題を解くことが出来るでしょう。"
平均,57,"P、Q、R、Sの座高を測定した。これについて次のことが分かっている。
Ⅰ　PはQよりも低い。
Ⅱ　RはPよりも高い。
Ⅲ　SはQとRの平均よりも高い。

このとき、必ず正しいといえる推論の組み合わせはどれか。
ア　SはPよりも高い。
イ　SはQよりも高い。
ウ　QとRのうちどちらか一人は、Sよりも低い。","A. アだけ
B. イだけ
C. ウだけ
D. アとイ
E. アとウ
F. イとウ
G. アとイとウ
H. 正しい推論はない。","答え：E

Q>P、R＞P、S×２＞Q+Rが分かる。
ア：上記より、S×2＞P×2である。よって、SはPよりも高いことがわかる。
イ：SはQとRの平均よりは高いが、これだけではSがQよりも高いとはいえない。
ウ：QとRの平均はSよりも低いので、どちらか一方はSよりも低くなることが分かる。","非言語の推論の問題は情報を整理する力が求められます。このように推論が正しいかを判断する問題では、わかっている情報を記号などを用いて整理して、考えるためのベースを構築しましょう。
例えばこの問題では、条件Ⅰと条件Ⅱより、P＜Q、P＜Rであるとわかります。また、条件Ⅲより、2S＞Q＋Rです。条件Ⅰ、Ⅱより、2P＜Q＋Rなので、これらを合わせて考えると、2P＜Q＋R＜2Sであることがわかります。この状態で推論が正しいかを判断しましょう。アに関してはこの不等号条件から正しいと分かります。イに関しては情報がないので、分かりません。ウに関しては、QとRのどちらもSより高い場合を考えて、背理法で解きましょう。
このようにわかっている情報を一度整理して、考えるためのベースを構築することで、シンプルに問題を解くことが出来るでしょう。"
平均,58,"P、Q、R、S、Tが身体測定を受けた。この点数について次のことが分かっている。

Ⅰ　P含めてちょうど3人が同じ点数で、他の2人は点数が違った。
Ⅱ　PとQの平均とRとSの平均は等しかった。

このとき、必ず正しいといえる推論の組み合わせはどれか。

ア　Pの得点はSよりも高い。
イ　PとTの得点は等しい。
ウ　PとRの得点は異なる。","A. アだけ
B. イだけ
C. ウだけ
D. アとイ
E. アとウ
F. イとウ
G. アとイとウ
H. 正しい推論はない。",No answer provided for this question.,"非言語の推論の問題は情報を整理する力が求められます。このように推論が正しいかを判断する問題では、わかっている情報を整理して、考えるためのベースを構築しましょう。
例えばこの問題では、条件Ⅰと条件Ⅱから誰が同じ点数で誰が異なる点数なのかを推理する必要があります。点数の大小関係はわからないので注意しましょう。条件Ⅱより、P＋Q＝R＋Sがわかります。このうち誰の点数が同じか、あるいは異なるかを判別するのがこの問題のキーです。条件Ⅰより、Pの他に点数が同じ人は2人、点数が全員と異なる人が2人いることがわかります。条件Ⅱにおいて、P以外の１人をPと同じ点数と仮定して、成り立つかを確かめていきましょう。すると、P＝Q＝T以外成り立たないことがわかるので、これをベースとして推論が正しいかを判断しましょう。
このようにわかっている情報を一度整理して、推論を評価するためのベースづくりをすることが重要です。"
平均,59,"P、Q、R、S、Tが1問1点で5問の英語の試験を受けた。これについて次のことが分かっている。

Ⅰ　P含めてちょうど3人が同じ点数で、他の2人は点数が同じだった。
Ⅱ　PとSの平均点は3.5点であった。
Ⅲ　PとQとRとSの平均点は3.5点であった。

このとき、必ず正しいといえる推論の組み合わせはどれか。

ア　PとSの得点は異なる。
イ　QとRの得点は等しい。
ウ　Tの得点は3点よりも高い。","A. アだけ
B. イだけ
C. ウだけ
D. アとイ
E. アとウ
F. イとウ
G. アとイとウ
H. 正しい推論はない。","答え：A

P+S=7、P+Q+R+S=14と分かる。これより、Q+R=7。
点数は整数なので2人の合計点が奇数のものは点数が異なる。よって、アは正しく、イは正しくない。ウに関して問題の情報からだと、Tと3の大小関係は分からない。","非言語の推論の問題は情報を整理する力が求められます。この問題のポイントとしては、番号が振られていない条件以外からも情報を得ることです。
例えばこの問題では、条件Ⅱ、Ⅲより、P＋Q＝P＋S＝R＋S＝7であることがわかります。この等式から、Q＝S、P＝R、Q＋R＝7も導けます。これをベースとして推論が正しいかを判断しましょう。アとイは2人の点数が等しいか、異なるかについての推論です。しかし、このベースだけではそれはわかりません。そこで点数が必ず整数であるという条件を用います。2人の点数の合計が奇数であるとき、2人の点数が等しくなることはありません。これを基準に選択肢が成り立つかを考えましょう。
このように条件として明文化されていないものも条件になり得るので注意しましょう。特に、整数条件は重要になりやすいので、見逃さないようにしましょう。"
平均,60,"P、Q、R、S、Tが1問1点で5問のクイズを受けた。これについて次のことが分かっている。

Ⅰ　P含めてちょうど３人が同じ点数で、他の2人は点数が同じだった。
Ⅱ　PとSの平均点は3.5点であった。
Ⅲ　PとQとRとSの4人の平均点は3.5点であった。

4人の点数すべてが確定するには、Ⅰ～Ⅲのほか、次のア、イ、ウのうちどれが加わればよいか。正しい組み合わせを選べ。ただし、点数確定に必要のない情報は含めてはいけない。

ア　PとQの点数は等しい。

イ　Tの点数は4点だった。

ウ　PとTの点数は等しい。","A. アだけ
B. イだけ
C. ウだけ
D. アとイ
E. アとウ
F. イとウ
G. アとイとウ
H. 正しい推論はない。","答え：D

P+S=7、P+Q+R+S=14と分かる。これより、Q+R=7。
点数は整数なので2人の合計点が奇数のものは点数が異なる。よって、PとS、QとRは点数が異なる。これより、PとTは同じ点数であり、QとRのどちらかとも点数が等しいことが分かる。

ア：これより、P=Q=T、R=Sが分かる。

イ：これとアより、P=Q=T=4、R=S=3と分かる。

ウ：この情報は問題文の時点で分かっている。

以上より、アとイが分かれば点数が確定する。","非言語の推論の問題は情報を整理する力が求められます。この問題のポイントとしては、I~Ⅲ以外の条件からも情報を得ることです。ここでは点数が整数という条件がそれにあたります。
例えばこの問題では、条件Ⅱ、Ⅲより、P＋S＝Q＋R＝7であることがわかります。ここで点数が必ず整数であることから、2人の点数の合計が奇数であるとき、2人の点数が等しくなることはありません。ゆえに、PとS、QとRはそれぞれ点数が異なります。これと条件Ⅰを組み合わせると、PとT、そしてQとRのどちらかの点数が同じであることがわかります。ゆえに、このQとRのどちらなのかを特定できる情報が追加で必要です。また、5人の相対的な点数の関係しかわかっていないので、基準となるような絶対的な点数の情報が必要です。これを踏まえると答えがアとイだとわかります。
このように条件として明文化されていないものも条件になり得るので注意しましょう。特に、整数条件は重要になりやすいので、見逃さないようにしましょう。"
位置関係,61,"X 、Y、Zの3人が、円形に並んだ４つの席のいずれかに座っている。各自の座り方について、次のことが分かっている。

Ⅰ　XとYは向かい合っていた。

Ⅱ　Yの右隣にZが座っていた。

Ⅲ　１番の席が空席であった。

Xが座った可能性のある席の番号はいくつか。","A. ２
B. ３
C. ４
D. ２か３
E. ２か４
F. ３か４","答え：C

Ⅰ、Ⅱより、時計回りにX、Z、Yと並んでいる。

１が空席であるので、Xは４に座っている。","非言語の推論の問題は情報を整理する力が求められます。このように位置関係を推測する問題では、わかっている情報を図にしてわかりやすくまとめましょう。
例えばこの問題では、時計回りに1~4の数字を割り当てた4つの〇が円形に並んだ図を考えましょう。次にⅢの情報から1番の席に×をつけましょう。すると2番、3番、4番の順に並んだ席が残るはずです。このときⅠの情報から、XとYの組が座っているのは2番と4番であるとわかります。最後にⅡの情報からYの積が2番だとわかるので、Xの席が4番だとわかります。
このようにわかっている情報を図にして考えやすい環境づくりをすることが大切です。"
位置関係,62,"X 、Y、Zの3人が、円形に並んだ４つの席のいずれかに座っている。各自の座り方について、次のことが分かっている。

Ⅰ　XとYは隣り合っていた。

Ⅱ　数字の2番の席は空席だった。

Zが座った可能性のある席の番号はいくつか。



","A. １
B. ３
C. ４
D. １か３
E. １か４
F. ３か４","答え：D

2番が空席でXとYが隣り合っているので、XとYは（１、４）（４、３）の組み合わせで座っている。よって、Zは１か３。","非言語の推論の問題は情報を整理する力が求められます。このように位置関係を推測する問題では、わかっている情報を図にしてわかりやすくまとめましょう。
例えばこの問題では、時計回りに1~4の数字を割り当てた4つの〇が円形に並んだ図を考えましょう。次にⅡの情報から2番の席に×をつけましょう。すると3番、4番、1番の順に並んだ席が残るはずです。XとYは隣り合っているとき、真ん中の4番の席にZが座っていないことは、図を見て考えればわかります。
このように、わかっている情報を図にして考えやすい環境づくりをすることが大切です。"
位置関係,63,"以下のような１〜５の５つの星で構成される星座がある。このうち、2個の星は赤く、残りの3個の星は青い。これに関して次のことが分かっている。
Ⅰ　赤い星同士は繋がっていない

Ⅱ　青い星は３つ連続して繋がっている。

Ⅲ　２つの赤い星と繋がっている青い星はない。

赤い星の組み合わせとして正しいものはどれか。



","A. １と５
B. １と３
C. ２と４
D. ２と５
E. ３と５","答え：A

Ⅰ、Ⅱより、赤い星の組み合わせは（１、５）か（２、５）か（４、５）。

このうちⅢを満たすのは（１、５）。","非言語の推論の問題は情報を整理する力が求められます。このように位置関係を推測する問題では、選択肢を1つずつ試して消去法で解いていきましょう。その際、簡単に違うことがわかる選択肢は、試す前に消すことが大切です。
例えばこの問題では、Ⅰより赤い星同士がつながっていないことがわかるので、選択肢Eの（3、5）は違うことが簡単にわかります。残り4つの選択肢についても、Ⅱの青い星が3つ連続で並べるスペースがあるかどうかは視覚的にわかりやすいので、Ⅱ、Ⅲの順に満たしているかを考えましょう。
このように消去法で解く際は、できるだけ労力を減らせる方法で解いていきましょう。"
位置関係,64,"以下の図は5つのビルを上から見たものであり、図の上が北である。ある会社XとYは、これらのうちそれぞれ１つのビルにオフィスを構えることになった。これに関して次のことが分かっている。



Ⅰ　XのビルとYのビルは隣り合ってない。

Ⅱ　YのビルはXのビルよりも北にある。

Xのビルはどれか。



","A. １
B. ２
C. ３
D. ４
E. ５","答え：E

Ⅰより、XとYの組み合わせは（１、５）（２、５）（３、５）（１、３）である。

これのうちⅡを満たすのは上記のうち、（１、５）（２、５）（３、５）である。いずれにせよXは５である。","非言語の推論の問題は情報を整理する力が求められます。このように位置関係を推測する問題では、選択肢を1つずつ試して消去法で解いていきましょう。その際、簡単に違うことがわかる選択肢は、試す前に消すことが大切です。
例えばこの問題では、ⅡよりXのビルはYのビルより図の下方向にあることがわかるので、4か5に絞り込めます。残り2つの選択肢について、条件Ⅰを満たしているかを考えると5が答えだとわかります。
このように消去法で解く際はできるだけ労力を減らせる方法で解いていきましょう。"
位置関係,66,"公園でP、Q、R、Sの4人が遊んでいた。公園には高い台と低い台の２つがあり、それぞれ１人ずつ乗り、残りの2人は台の下にいた。ただし、自分よりも低い、もしくは同じ高さの人のことは見ることができるものとする。

4人の関係に関して次のことが分かっている。



Ⅰ　PはSのことを見ることができない。

Ⅱ　QはRのことを見ることができる。

Ⅲ　RはQのことは見ることができる。

低い方の台に乗っているのは誰か。","A. P
B. Q
C. R
D. S
E. PかQ","答え：A

QとRはお互いのことを見ることができているので、2人が台の下にいる。

また、PはSを見ることができないので、低い方の台にいるのはPである。","非言語の推論の問題は情報を整理する力が求められます。このように順序のある位置関係を推測する問題では、不等号などの符号を用いて情報を整理しましょう。
この問題では、「ある人を見ることが出来る」＝「その人以上の高さにいる」ということなので、例えばⅠの条件は「P＜S」と表せます。同様にⅡの条件から「R≦Q」、Ⅲの条件から「R≦Q」がわかります。後は数学の不等号の問題のように大小関係を解いていきましょう。
このように符号を用いて情報を整理することで、単純な数学的問題に帰着できます。"
位置関係,69,"P、Q、Rの3人が、正六角形の頂点にある６つの席のいずれかに座っている。各自の座り方について次のことが分かっている。



Ⅰ　PとRは向かい合っている。

Ⅱ　Qの隣にはPが座っている。

Ⅲ　Qが座っているのは１番である。

Rが座る位置として可能性のある席は何番の席か。","A. 3
B. 4
C. ５
D. ３か５
E. ３か４か５","答え：D

Ⅱ、Ⅲより、Pが座る可能性があるのは２か６。よって、Rが座る可能性があるのは、３か５。","非言語の推論の問題は情報を整理する力が求められます。このように位置関係を推測する問題では、条件を処理していく順番が大切です。
例えばこの問題では、まずⅢから図の1の席にQを配置してから考えていきましょう。狭く確定できる情報から考えることが大切です。逆にⅠのようなPとRの位置が複数考えられてしまう条件は後にしましょう。次にⅡの条件から、Qの左隣と右隣にPを配置して、それぞれの場合において条件Ⅰを満たすようなRの位置を探しましょう。
このように条件から位置を推測する問題では、条件を考える順番を工夫しましょう。"
位置関係,70,"以下のように4個のコップが並んでいる。このコップの中には1個はキャンディが、別のコップ1個にはチョコレートが入っていて、残りの2個のコップには何も入っていない。これに関して次のことが分かっている。



Ⅰ　キャンディが入っているコップの隣に、チョコレートが入っているコップがある。

Ⅱ　左から2個目のコップは空である。

Ⅲ　チョコレートが入ったコップの隣には空のコップがあった。

キャンディが入っているのは左から何番目か。","A. 1
B. 2
C. 3
D. 4","答え：D

Ⅰ、Ⅱより、３か４にキャンディかチョコレートが入っている。

よって３より、キャンディは４。","非言語の推論の問題は情報を整理する力が求められます。このように位置関係を推測する問題では、条件を処理する方法が大切です。
例えばこの問題の条件Ⅰは、キャンディとチョコレートのコップを2つ並べてセットで考えましょう。Ⅲの条件も含めれば、空⇒チョコレート⇒キャンディ、あるいはキャンディ⇒チョコレート⇒空という3つのコップのセットで考えることができます。Ⅱの条件から、左から2個目のコップは空であることがわかるので、これを満たすセットは空（左から2個目）⇒チョコレート⇒キャンディのセットであるとわかります。ゆえに、キャンディは4であると導けます。
このように条件から位置を推測する問題では、扱いやすい方法で条件を処理しましょう。"
位置関係,71,"修学旅行でP、Q、R、Sの４つの班が図のような２階建ての民宿に泊まる。1つの班が1部屋に入るとして、次のことが分かっている。

201,	202,	203
101,	102,	103
 

Ⅰ　１０１と１０３は入った班はなかった。

Ⅱ　P班の入る部屋の真下にはQが入った。

R班が入った部屋として可能性があるのは何番か。","A. ２０２か１０２
B. ２０１か２０３
C. ２０２か２０３
D. ２０３か１０３","答え：B

１０２にQ、２０２にPが入ったことは確定する。よって、RとSは２０１か２０３である。","非言語の推論の問題は情報を整理する力が求められます。このように位置関係を推測する問題では、条件を処理していく順番が大切です。
例えばこの問題では、まず条件Ⅰから図の101と103の部屋に×をつけてから考えていきましょう。絶対位置を確定できる情報から考えることが大切です。逆に相対位置に関する条件は、可能性のある位置が複数考えられてしまうので後にしましょう。次にⅡの条件から、PとQを上下セットで考えていきます。相対位置に関する条件は、登場するものをセットで考えていきましょう。この上下セットを配置できるのは202と102の組だけなので、残りの201と203がR班の入った可能性のある部屋となります。
このように条件から位置を推測する問題では、条件を考える順番を工夫しましょう。"
位置関係,72,"修学旅行でP、Q、Rの3つの班が図のような２階建ての民宿に泊まる。1班が1部屋に泊まるとして、次のことが分かっている。

201,	202,	203
101,	102,	103
 

Ⅰ　１０２に入った班はなかった。

Ⅱ　P班が入った部屋の真下にはQ班が入った。

Ⅲ　R班が入る部屋の隣にはP班が入った。

R班が入る部屋として可能性があるのは何番か。","A. ２０１
B. ２０２
C. ２０３
D. ２０１か２０２
E. ２０２か２０３","答え：B

P、Qが入るのは（２０１、１０１）か（２０３、１０３）。

いずれにせよ、Pの隣になるのは２０２なので、Rは２０２。","非言語の推論の問題は情報を整理する力が求められます。このように位置関係を推測する問題では、条件を処理していく順番が大切です。
例えばこの問題では、まず条件Ⅰから図の102の部屋に×をつけてから考えていきましょう。絶対位置を確定できる情報から考えることが大切です。逆に相対位置に関する条件は、可能性のある位置が複数考えられてしまうので後にしましょう。次にⅡの条件から、PとQを上下セットで考えていきます。相対位置に関する条件は、登場するものをセットで考えていきましょう。この上下セットを配置できるのは（201、101）か（203、103）の2組ありますが、、いずれもR班の入った可能性のある部屋は202となります。
このように条件から位置を推測する問題では、条件を考える順番を工夫しましょう。"
カード・イン・サイコロ,73,１、２、３、４、５の5つのうち4つの数字を使って整数を作る。各位の数字が異なる４けたの整数の個数はいくつか。,"A. 24
B. 72
C. 120
D. 240
E. AからDのいずれでもない","答え：C

5つの数字を4つの位に当てはめるから、

₃P₄ = 120通り。","非言語の場合の数の問題は、情報を適切に把握する力が求められます。このような情報を整理して理解する問題では、問題の状況を具体的にイメージすることが重要です
例えばこの問題では、実際に1〜5を並べて4桁の数字を作ってみましょう。まず、1000の位から考えてみると、あり得るのは1〜5の5種類です。次に、100の位は1000の位で使ったもの以外の4つの数字から1つ選ぶので4種類、10の位と1の位も同様にまだ使われていない数字から1つを選びます。従って、求める場合の数は、5×4×3×2×1で120通りとわかります。
この様に問題をイメージするための作業を行いながら解いてみましょう。"
カード・イン・サイコロ,74,１、２、３、４、５の5つから4つの数字を選んで2桁の整数を2つ作る。両方とも偶数になるような作り方は何通りあるか。,"A. ４
B. ６
C. １０
D. １２
E. AからDのいずれでもない","答え：B

１の位が２か４であれば偶数になる。

それぞれの１０の位の数字を選ぶから、３×２＝６通り。","非言語の場合の数の問題は、情報を適切に把握する力が求められます。このような情報を整理して理解する問題では、整理の仕方を工夫することが重要です。
例えばこの問題では、厳しい条件が課されているものから考えてみましょう2つの整数はいずれも偶数であるので、1の位は2または4でなくてはなりません。なので①1の位が2のものと、②1の位が4のものに分けて考えてみましょう。まず、①は1、3、5の中から10の位を選びます。なぜなら4はもう1つの整数の1の位になるからです。そのため、あり得る可能性は3通り。次に、②も同様に2以外の3つの奇数から1つを10の位として選ぶので、3通りの可能性があります。従って、①と②から求める場合の数は6通りとなります。
この様に条件が厳しいものから考えて問題を解いてみましょう。"
カード・イン・サイコロ,75,"２つのサイコロP、Qをいっぺんに振った。出た目の積が10の倍数になるのは何通りか。

ただし、(P,Q) = (2,4),(4,2)は別の組み合わせとして考えるものとする。","A. 3
B. 5
C. 6
D. 10
E. AからDのいずれでもない","答え：C

10=2×5 であるから、片方のサイコロは５、もう片方のサイコロは２の倍数である場合を考える。２の倍数は２、４、６の3通りであるから、Xが５のときYは3通り。Yが５のときXは3通り。したがって、全部で3×2= 6通り。","非言語の場合の数の問題は、情報を適切に把握する力が求められます。このような情報を整理して理解する問題では、問題の状況を具体的にイメージすることが重要です。
例えばこの問題では、問題の条件に合う目の組み合わせを実際に書き出してみましょう。２つのサイコロの目の積は1〜36の間になるため、積が10の倍数になるのは、10、20、30のいずれかの時だとわかります。積が10になるのは(2,5),(5,2)の時であり、積が20になるのは(4,5),(5,4)の時、積が30になるのは(5,6),(6,5)の時です。従って、求める場合の数は6通りとわかります。
この様に、具体例を考えながら解いてみましょう。"
カード・イン・サイコロ,76,"２つのサイコロA、Bをいっぺんに振った。出た目の和が9になるのは何通りか。

ただし、(A,B) = (1,3),(3,1)はそれぞれ別の組み合わせとして考えるものとする。","A. 3
B. 4
C. 5
D. 6
E. AからDのいずれでもない","B

X、Y順に、（3、6）、（4、5）、（5、4）、（6、3）の場合は和が9になる。よって、4通り。","非言語の場合の数の問題は、情報を適切に把握する力が求められます。このような情報を整理して理解する問題では、問題の状況を具体的にイメージすることが重要です。
例えばこの問題では、該当する組み合わせを実際に書き出してみましょう。サイコロは1〜6のいずれかが出るため、その範囲内で2つの整数の和が9になるものを探します。まず、片方が1及び2の時は最大値の6と組み合わせてもその和が9未満になるため、これらは除くことができます。次に、片方が3の時は6と組んで和が9になります。なので(3,6),(6,3)が該当します。同様にして、片方が4の時は5と組んで和が9となります。なので(4,5),(5,4)も該当することがわかります。従って、求める場合の数は4通りとなります。
この様に、具体例を考えながら解いてみましょう。"
カード・イン・サイコロ,77,コイントスを5回行ったところ表が3回出た。このような出方は何通り考えられるか。,"A. 2
B. 6
C. 10
D. 30
E. AからDのいずれでもない","答え：C

コイントスした5回のうち、裏が出た2回を選ぶと考えると、
₃C₂ = 10通り。","非言語の場合の数の問題は、情報を適切に把握する力が求められます。このような情報を整理して理解する問題では、整理の仕方を工夫することが重要です。
例えばこの問題では、コインの裏表どちらが出たかではなく、表が出たのが何回目かに視点を移して考えてみましょう。そうすると、5回のうち3回が表であるので、表が出た3回を選ぶ場合の数を求めればいいことがわかります。従って、求める場合の数は₃C₂で10通りとわかります。
この様に、問題をシンプルにできないかを考えながら解いてみましょう。"
カード・イン・サイコロ,78,コイントスを5回行った。表が4回以上出るような出方は何通りか。,"A. 5
B. 6
C. 12
D. 20
E. AからDのいずれでもない","答え：B

裏が出た回数を考えると、0回か1回である。

裏が0回のとき：全て表なので1通り。

裏が1回のとき：投げた5回のうち、裏が出た1回を選ぶと考えると、
 ₅C₁= 5通り。

以上より、1 + 5 = 6通り。","非言語の場合の数の問題は、情報を適切に把握する力が求められます。このような情報を整理して理解する問題では、整理の仕方を工夫することが重要です。
例えばこの問題では、「表が4回以上出る」を換言して「裏が1回以下出る」と考えてみましょう。そうすると、求める場合の数は①裏が1回出る場合、②裏が0回出る場合の2つの場合の和であるとわかります。まず、①は1度だけ出る裏が何回目に出るかを考えてみると、可能性があるのは1〜5回目の計5通りだとわかります。次に、②が成立するのは全てが表の時の1通りだけなので1通りとわかります。従って、求める場合の数は6通りとわかります。
この様に、問題をシンプルに読み替えながら解いてみましょう。"
順列・組み合わせ,79,男子8人、女子5人の陸上部からマネージャーを2人選びたい。男女それぞれ1人ずつ選ぶとき、選び方は何通りか。,"A. 13
B. 18
C. 24
D. 40
E. 80","答え：D

男子、女子の選び方がそれぞれ８通り、５通りであるので、 8×5= 40通り。","非言語の場合の数の問題は、情報を適切に把握する力が求められます。このような情報を整理して理解する問題では、問題の状況を具体的にイメージすることが重要です。
この問題では登場人物に具体的な名前をつけて理解しましょう。男子の8人にそれぞれA〜Hの名前を割り振り、女子の5人に同様にI〜Mと名前を与えます。そして男女ひとりずつ選ぶので、Aを選んだ時、女子で選ばれ得るのはI〜Mの5人であり、Bを選んだ時に女子で選ばれ得るのも同様にI〜Mの5人です。以下、C〜Hも同様に考えて、求める場合の数は8×5＝40通りとわかります。
このように具体的にイメージしやすいように自分なりに加工することを意識して解いてみましょう。"
順列・組み合わせ,80,ゼミのメンバー7人が旅行に行くことになった。北海道に行くグループが4人、沖縄県に行くグループが3人であるとき、グループの作り方は何通りありえるか。,"A. 7
B. 21
C. 35
D. 91
E. 140","答え：C

7人の中から沖縄県に行く3人を選び、残った人は北海道に行くと考えればよいから、
 = 35通り。","非言語の場合の数の問題は、情報を適切に把握する力が求められます。このような情報を整理して理解する問題では、問題の状況を具体的にイメージすることが重要です。
例えばこの問題では、初めにメンバーにA〜Gの具体的な名前を与えます。次に沖縄のメンバーを考えます。7人の中から3人を選ぶので7×6×5×＝210としたくなりますが、これだと例えば、A,B,Cの組み合わせとC,A,Bの組み合わせを区別していることになります。今回は選ぶだけなので重複した組み合わせを省く必要があるので、₇C₃＝35通りとなります。
このように順番が関係あるのか、ただ選ぶだけなのかを注意して解いてみましょう。"
順列・組み合わせ,81,ゼミのメンバー10人が旅行に行くことになった。北海道に行く人が3人、沖縄県に行く人が3人、京都府に行く人が4人であるとき、メンバーの行き先の組み合わせは何通りか。,"A. 100
B. 700
C. 1600
D. 4200
E. 7200","答え：D

北海道に行く3人の組み合わせは、
 ₁₀C₃= 120通り。

残りの7人から沖縄県に行く3人の組み合わせは、
₇C₃ = 35通り。

さらに残った4人は自動的に京都行きと来まる。

したがって、メンバーの行き先の組み合わせは、120×35 = 4200通り。","非言語の場合の数の問題は、情報を適切に把握する力が求められます。このような情報を整理して理解する問題では、問題の状況を具体的にイメージすることが重要です。
例えばこの問題では、旅行先がだんだん決まっていく様子をイメージすることが有効です。まず、北海道に行くグループは、10人の中から3人が選ばれるので、₁₀C₃で120通りとなります。次に、沖縄に行くグループを考えるとき、北海道に行くメンバーについては考える必要がないため、残る7人から3人を選ぶので、₇C₃で35通りとなります。そして残った4人は京都行きとなり、可能性は1通りであるので、求める通りはこれらを掛け合わせた、
120×35で、4200通りとなります。
このように具体的なイメージを持ちながら解いてみましょう。"
順列・組み合わせ,82,テニス部の３年生には、男子が４人、女子が６人所属している。男子、女子から一人ずつ掃除当番を選ぶ時、その選び方は何通りか。,"A. 12
B. 24
C. 48
D. 80
E. 120","答え：B

男子、女子の選び方はそれぞれ4通り、６通り。よって、組み合わせは6×4 = 24通り。","非言語の場合の数の問題は、情報を適切に把握する力が求められます。このような情報を整理して理解する問題では、問題の状況を具体的にイメージすることが重要です。
例えばこの問題では出てくる数字が大きくないので、実際に樹系図を書いてみることで具体的にイメージできるでしょう。まず、男子4人にA〜 D、女子6人にE〜Jと名前をつけ、樹系図を描く準備をします。次に、Aとペアになり得る女子はE〜Jの6人であり、それらを樹系図に描きます。以下、B、C、 Dも同様にすると、合計で24通りの可能性があることがわかります。従って求める場合の数は24通りとなります。
このように、数が小さい場合は樹系図を描いて問題をイメージしやすくして解いてみましょう。"
順列・組み合わせ,83,P、Q、R、Sの4人で集合写真を撮ろうとした。Pの左隣にはRがいたとすると並び方は何通りか。,"A. 4
B. 6
C. 9
D. 15
E. 20","答え：B

並び方は、R P◯ ◯ 、◯R P◯、◯◯RPの3通り。

◯にはそれぞれQ、Sが入り、それらの並びは2通りある。

以上より、並び方は3×2 = 6通り。","非言語の場合の数の問題は、情報を適切に把握する力が求められます。このような情報を整理して理解する問題では、整理の仕方を工夫することが重要です。
例えばこの問題では、P Rという2人の並び方は予め決まっているため、この2人を1つの纏まり(ここではXとします。)とすることで問題をより単純なものにできます。そうすると、求める場合の数は、X、Q、Sの並び方の通りと一致することがわかります。従って、
で6通りが答えとなります。
このように、複雑な条件が課されている問題でも、うまく整理して問題を単純なものにしながら解いてみましょう。"
順列・組み合わせ,84,P、Q、R、Sの4人は警備員である。3時間交代で合計12時間、1人ずつ門の前で警備をした。全員1回ずつ警備をしたとすると、警備を担当した順番の組み合わせは何通りあるか。,"A. 4
B. 16
C. 24
D. 30
E. 72","答え：C

12÷3 = 4で4回の担当時間を4人で回す。したがって、4人の順番の組み合わせは₄P₄ = 24通り。","非言語の場合の数の問題は、情報を適切に把握する力が求められます。このような情報を整理して理解する問題では、問題の情報を取捨選択することが重要です。
この問題では、問題を解くのに必要のない情報を適切に見抜き、捨象することが重要です。「3時間交代」や「合計12時間」などは余計な情報であり、これらを切り捨てることで問題の要旨が見えてきます。それは、P〜Sの4人を順番に並べていくというシンプルなものです。従って、求める場合の数は、₄P₄で24通りとわかります。
このように、具体的すぎてかえってわかりにくいものは抽象化して解いてみましょう。"
重複・円・応用,85,数字の１、２、３を使って作ることができる３けたの整数はいくつあるか。なお、同じ数字を何度も使ってもよい。,"A. 3
B. 6
C. 21
D. 27","答え：D

各位に入る数字はどれも3通り。したがって、3×3×3 = 27通り。","非言語の場合の数の問題は、情報を適切に把握する力が求められます。このような情報を整理して理解する問題では、問題の状況を具体的にイメージすることが重要です。
例えばこの問題では、100の位、10の位、1の位の3つの箱をメモ書きして、そこに数字を実際に入れながら考えてみましょう。まず、100の位には1〜3の３つが入る可能性があり、次に、同じ数字を何度も使って良いので、10の位にも1〜3が入る可能性があり、最後に1の位も同様に3通りの可能性があります。従って、求める場合の数は3×3×3で、27通りとわかります。
このように数字を並べて作る問題は、実際に数字を入れながら解いてみましょう。"
重複・円・応用,86,数字の０、１、２を使って作ることができる３けたの整数はいくつあるか。なお、同じ数字を何度も使ってもよい。,"A. 3
B. 6
C. 18
D. 27","答え：C

一の位、十の位に入る数字は3通り。ただし、百の位には０は入らないので2通り。

したがって、2×3×3 = 18通り。","非言語の場合の数の問題は、情報を適切に把握する力が求められます。このような情報を整理して理解する問題では、問題の状況を具体的にイメージすることが重要です。
例えばこの問題では、100の位、10の位、1の位の三つの箱をメモ書きして、そこに数字を実際に入れながら考えてみましょう。実際に数字を入れてみると分かるのですが、100の位に入り得る数字は2つだけです。乃ち、0を100の位に入れては3けたの数字を作ることができないのです。そして、10の位と1の位はそれぞれ3通りの数字が入り得るので、求める場合の数は2×3×3となり、答えが18だとわかります。
このように、実際に数字を作ってみることで問題の特徴を掴みながら解いてみましょう。"
重複・円・応用,87,箱の中にはそれぞれお茶、ジュース、炭酸水が入ったペットボトルがたくさん入っている。この中から2本のペットボトルを取り出すときの選び方は何通りか。ただし、同じ飲み物のペットボトルの区別はつかないものとする。,"A. 3
B. 6
C. 9
D. 24","答え：B

２つ同じ飲み物を取り出す場合と、違う飲み物を取り出す場合で場合分けする。

同じ場合：飲み物は３種類なので３通り。

違う場合：３種類の飲み物から２つ選ぶので、 ₃C₂= ３通り。

以上より3+3= 6通り。","非言語の場合の数の問題は、情報を適切に把握する力が求められます。このような情報を整理して理解する問題では、問題の状況を具体的にイメージすることが重要です。
この問題では、頭の中で実際にペットボトル取り出すことをイメージしながら考えてみましょう。あり得る可能性は、①同じ種類のペットボトル2本を取り出す場合、②異なる種類のペットボトルを取り出す場合の２つに分けられます。まず、①はお茶同士、ジュース同士、炭酸水同士で計3通りとなります。次に、②はお茶とジュース、お茶と炭酸水、ジュースと炭酸水でこちらも計3通りです。従って、求める場合の数は6通りとなります。
このように、場合分けをして問題をシンプルにすることを意識しながら解いてみましょう。"
重複・円・応用,88,倉庫には白と黒のボールがたくさんある。この中から３つのボールを取り出すときの選び方は何通りか。,"A. 3
B. 4
C. 8
D. 12","こたえ：B

３つ同じ色のボールを取り出す場合と、２つ同じ色のボールを取り出す場合で場合分けする。

３つ同じ場合：２色なので2通り。

２つ同じ場合：白が２つか黒が２つかなので2通り。

よって、2+2= 4通り。","非言語の場合の数の問題は、情報を適切に把握する力が求められます。このような情報を整理して理解する問題では、起こり得る可能性を場合分けして考えることが需要です。
例えばこの問題では、黒いボールが何個の場合があり得るかを考えてみましょう。なぜなら、黒いボールの個数をn個とした時、白いボールの個数は自動的に(3-n)個で確定するからです。黒いボールの個数は0、1、2、3個の場合が考えられ、それぞれにおいて白いボールの個数は、3、2、1、0個となります。従って求める場合の数は4通りとなります。
このように、場合分けをすることでスムーズに解答を導き出せることを意識しながら解いてみましょう。"
重複・円・応用,89,4人が丸いテーブルを囲んで座る。その座り方は何通りか。,"A. 6
B. 12
C. 24
D. 64","答え：A

通常の順列であれば
4P4であるが、円順列は回転によって同じものが被ってしまう。なので、誰かを固定して考えると良い。４人のうち適当な１人をある席に座らせて固定し、残った3席で順列を考えれば良いから、(4-1)! = 6通り。","非言語の場合の数の問題は、情報を適切に把握する力が求められます。このような情報を整理して理解する問題では、問題の状況を具体的にイメージすることが重要です。
例えばこの問題では、丸いテーブルをイメージして、回転すると同じ組み合わせになってしまうものが存在することに気づく必要があります。円順列を解く時は、この問題に対処するために誰か1人を固定する作業が必要です。そうすることで通常の順列と同様に扱うことができるようになります。従って、求める場合の数は4人のうちの1人を固定して、₍₄‐₁₎P₃で6通りになります。
このように、どのような作業をすればより単純な問題に変えられるかを考えながら解いてみましょう。"
重複・円・応用,90,"男子2人と女子5人が円状に並ぶ。男子2人が隣同士になるような並び方は何通りか。
","A. 24
B. 72
C. 120
D. 240
E. 720","答え：D

男子2人をまとめて1人として考えると、円順列として考えられる。

通常の順列であれば、
6P6 =720通りであるが、円順列は回転によって被るものが出てくる。

今回は6人なので6つずつ被るから、720÷6 = 120通り。

また、男子の並び順もそれらに対して2通りずつあるので、全部で120×2 = 240通り。","非言語の場合の数の問題は、情報を適切に把握する力が求められます。このような情報を整理して理解する問題では、問題の状況を具体的にイメージすることが重要です。
例えばこの問題では、まず円順列を通常の順列と同じ様に扱うために1人を固定します。ここでは女子の1人を固定してみましょう。次に、男子2人は隣り合うので、この2人をまとめて1人として扱うことができます。そうすると求める場合の数は、120通りとなるが、これは男子2人を1人として扱った場合である。実際には男子Aと男子Bの並びが入れ替わる可能性があるため、先ほどの数を2倍して240通りが答えとなる。
この様に複雑な状況を如何にシンプルなものにできるかを考えながら解いてみましょう。"
重複・円・応用,91,赤いボール、青いボール、黄色いボールがそれぞれ2個ずつある。この中から2個のボールを取り出すとき、色の組み合わせは何通りか。ただし、同じ色のボールの区別はつかないものとする。,"A. 5
B. 6
C. 9
D. 10
E. AからDのいずれでもない","答え：B

同じ色を2個取る場合：３色だから3通り。

違う色を2個取る場合：３色から２色選ぶから、3C2 =３通り

以上より、3 + 3 = 6通り。","非言語の場合の数の問題は、情報を適切に把握する力が求められます。このような情報を整理して理解する問題では、整理の仕方を工夫することが重要です。
例えばこの問題では、ボールの組み合わせを場合分けすることで考えやすくしてみましょう。同じ色のボールは区別がつかないため、あり得る事象は、①同じ色のボールを２つ取る、②異なる色のボールを２つ取るの２通りです。まず、①は赤、青、黄それぞれの色で1通りずつで計3通りです。次に、②は赤と青、青と黄、黄と赤の3通りが考えられます。従って、求める場合の数は3＋3＝6で6通りとなります。
このように、場合分けを用いて情報を整理しながら解いてみましょう。"
重複・円・応用,92,大きいボール、中くらいのボール、小さいボールがそれぞれ2個ずつある。この中から4個のボールを取り出すとき、大きさの組み合わせは何通りか。ただし、同じ大きさのボールの区別はつかないものとする。,"A. 5
B. 6
C. 9
D. 10
E. AからDのいずれでもない","B

選ばない2個の組み合わせで考える。

同じ大きさを2個の場合：3種類だから3通り。

違う大きさのを2個の場合：3種類から2種類選ぶから、3C2 =3通り

以上より、3 + 3 = 6通り。","非言語の場合の数の問題は、情報を適切に把握する力が求められます。このような情報を整理して理解する問題では、整理の仕方を工夫することが重要です。
例えばこの問題では、6つの中から4つを取り出すということは、取り出さない2つを選ぶことでもあります。そのため、取り出すボールについてではなく取り出さないボールについて考えてみましょう。取り出さないボールは①同じ大きさのボール2個、②異なる大きさのボール2個に場合分けできます。まず、①は大、中、小それぞれの大きさで1通りずつで計3通りです。次に、②は大と中、中と小、小と大の3通りが考えられます。従って、取り出さない2つのボールの選び方、すなわち取り出す4つのボールの選び方は3＋3＝6で6通りとなります。
このように、場合分けを用いて問題をシンプルに考えながら解いてみましょう。"
重複・円・応用,93,金のメダル、銀のメダル、銅のメダルがそれぞれ2個ずつある。この中から3個のメダルを取り出すとき、色の組み合わせは何通りか。ただし、同じ色のメダルの区別はつかないものとする。,"A. 5
B. 6
C. 7
D. 10
E. AからDのいずれでもない","C

同じ色を2個、違う色を1色の場合：2個のメダルを取り出す色の選び方が3通りで、それとは違う色の選び方が2通りだから、 3P2=6通り

全て違う色の場合：3色全て使う場合のみだから、1通り。

以上より、6 + 1 = 7通り。","非言語の場合の数の問題は、情報を適切に把握する力が求められます。このような情報を整理して理解する問題では、整理の仕方を工夫することが重要です。
例えばこの問題では、3個のメダルを選ぶ方法が以下の2パターンに場合分けできることに着目して考えてみましょう。それは①全てのメダルの色が違う場合、②そうでない場合の2つです。まず、①は当然、金、銀、銅を選ぶ1通りです。次に、②は同じ色のメダルを2つと、それ以外の色のメダルを1つを選ぶ場合の数と換言できるため、金2つに対して銀と銅で2通り、銀、銅の場合も同様にして計6通りが考えられます。従って、求める場合の数は1＋6＝7で7通りとなります。
このように、場合分けを用いて情報を整理しながら解いてみましょう。"
重複・円・応用,94,P、Q、R、S、Tで、4人が手をつないで輪を作り、真ん中に残りの1人を囲む遊びをした。この時の5人の配置は何通りか。,"A. 10
B. 24
C. 30
D. 120
E. AからDのいずれでもない","C

真ん中で囲まれる人が5通り。

残りの4人の並びは、通常の順列であれば  4P$= 24通りだが、回転するとそれぞれ4通りずつ被るので24÷4 = 6通り。

以上より、5×6 = 30通り。","非言語の場合の数の問題は、情報を適切に把握する力が求められます。このような情報を整理して理解する問題では、整理の仕方を工夫することが重要です。
例えばこの問題では、まず①真ん中の1人を選び、次に②それ以外の輪を作る4人の並び方を考えるというように事象を2段階に分けて考えてみましょう。まず、①の選び方はP〜Tでそれぞれ1通りで計5通りです。次に、②の並び方は円順列の考え方と同じなので、固定する1人を選ぶことで通常の順列の様に扱うことができます。なので4人の輪の作り方は、3P3で6通りとわかります。①のそれぞれに対して②の可能性が考えられるので、求める場合の数は、5×6で30通りとなります。
この様に場合分けを用いて問題を整理しながら解いてみましょう。"
言語問題,,問題内容,選択肢,解答・解説,アドバイス
文章整序,100,"ＡからＥの文を[１]から[５]に入れて文の意味が通るようにしたとき、[２]に当てはまるものを選びなさい。

ウイルスと細菌は[１][２][３][４][５]代謝などの生命活動を行わない。

A 細菌は一つの細胞でできており

B ウイルスは細菌の50分の1ほどの大きさで

C 単細胞生物と呼ばれるのに対し

D 自分で細胞を持たず

E どちらも微生物だが","A. A
B. B
C. C
D. D
E. E","答え：A

Ｅ「どちらも」は「ウイルスと細菌」を指すと考えられるので１に入る。また文の内容からＡ→Ｃがつながり細菌の説明になる。次にその対比としてＢ→Ｄのウイルスの説明が入るので、EACBD。","言語の文章整序の問題では与えられた文章を適切な順番に並び替え、正しい文章として構成する力が求められます。問題文の空欄部分の文頭や結論に当てはまる文を探し、文章を選択することが正答するポイントになります。
この問題の場合、最初に1に当てはまる文章を考えるといいでしょう。A～Eの選択肢を見ると、Eの「どちらも」が指すのは文頭の「ウィルスと細菌」であることからを文頭に続くのは、Eであることが分かります。また、1に当てはまるのがEと分かれば文章全体の内容からA➝C、Ｂ➝Ｄへと続くことが推測でき、Eの次に入るのはAであることが分かります。
このように文章を順番に当てはめて完成させることを意識して問題を解いてみましょう。"
文章整序,101,"つぎのアからオを意味が通るように並び替えたとき、２番目と３番目にくる文の組み合わせを選びなさい。

ア　日本においては軍事や国防と密接に結びつけられてきた

イ　この条約の改正は大きな反対運動、いわゆる安保闘争を招いた

ウ　契機は「日米安全保障条約」の締結だと考えられる

エ　その結果、“Security”は「安全保障」よりも「安保」として定着した

オ　「安全保障」という言葉は英語の“Security”の訳語であるが","A. アとウ　
B. アとエ
C. イとア
D. エとオ
E. オとア","答え：A

最初はオ→アとわかる。イ「この条約」はウ「日米安全保障条約」を指すので、ウ→イがつながる。ここまでの文脈から、エが最後に入るとわかるので、正しい順番は、オアウイエ。","言語の文章整序の問題では与えられた文章を適切な順番に並び替え、正しい文章として構成する力が求められます。
この問題の場合、選択肢の文章が違和感なく繋がるのはどの文章かを意識して考えるといいでしょう。ア～オの選択肢を見ると、イの「この条約」はウの「日米安全保障条約」を指しているので、ウ➝イに違和感なく繋がることが分かります。また、同じように文脈からオに続くのはアといったように順番に成立する文章を考えるといいでしょう。"
文章整序,102,"ＡからＥの文を[１]から[５]に入れて文の意味が通るようにしたとき、[４]に当てはまるものを選びなさい。

在宅医療は[１][２][３][４][５]広まっている。

A 自宅などの生活の場で

B 第３の医療提供形態として

C 入院医療、外来医療に次ぐ

D 通院が困難な患者が

E 療養を行えるようにする医療であり","A. A
B. B
C. C
D. D
E. E","答え：C

Ｂ「第3の医療提供形態」からＣ→Ｂがわかり、最後の「広まっている」につながる。

問題文はじめの「在宅医療は」がEの「医療であり」につながっているが､Eは在宅医療の詳しい説明になっていないため、D→Aで修飾する。よってD→A→Eができる。

DAECB。","言語の文章整序の問題では与えられた文章を適切な順番に並び替え、正しい文章として構成する力が求められます。
この問題の場合、5に当てはまる文章を考えるといいでしょう。A～Eの選択肢を見ると文末の「広がっている。」に続くのはBであることが推測できます。5に当てはまるのがBと分かれば、その前に続く文章はCといったように違和感なく繋がることが分かります。
このように、文脈から順番に成立する文章を考えて問題を解いてみましょう。"
文章整序,103,"ＡからＥの文を[１]から[５]に入れて文の意味が通るようにしたとき、[３]に当てはまるものを選びなさい。

気体をさらに高温にすると、[１][２][３][４][５]その電磁場によって自らの運動をさらに変化させます。
A この状態をプラズマと呼びます。
B マイナスの電荷を持った電子に解離します。
C またプラズマが運動すると電場や磁場が生まれ、
D プラズマは電場や磁場を感じると運動が変化します。
E 原子がプラスの電荷を持つイオンと、","A. A
B. B
C. C
D. D
E. E","答え：A

「プラズマ」が出てこないと、文章で勝手に「プラズマ」は使われない。

よってC、DはAのあとと決まる。そしてCの「また、」より、A→D→Cの順とわかる。

そして問題文の「その電磁波」がCの「電場と磁場」を受けていることがわかるため、[４][５]がDC。

また、Bについて、問題文の「高温にすると、」が「解離します。」につながることがわかる。

そこでE→Bとするときれいな文となる。

最後にEBとADCを組み合わせれば、意味が通る。

EBADC。","言語の文章整序の問題では、与えられた文章を適切な順番に並び替え正しい文章として構成する力が求められます。問題文の空欄部分の文頭や文末に当てはまる文を探し、文章を選択することが正答するポイントになります。
この問題の場合、選択肢の文章が違和感なく繋がるのはどの文章かを意識して考えるといいでしょう。A～Eの選択肢を見ると、文章はBの「・・・解離します。」は文頭の「・・・高温にすると、」の後ろに続くであろうと分かります。ここで、解離するとは「XとYに解離する」というように目的語が複数であることが一般的です。したがって、E→Bとつなげると自然であることがわかります。
残りの選択肢も文章を順番に当てはめて完成させることを意識して問題を解いてみましょう。"
文章整序,104,"ＡからＥの文を[１]から[４]に入れて文の意味が通るようにしたとき、[２]に当てはまるものを選びなさい。

科学雑誌や映画やアニメのなかでは、[１][２][３][４]現生の生物から得られる知見に基づいて類推するしかありません。

A しかし過去の生物を直接知る手がかりは、化石記録しかありません。

B 古代の生物の様子がまるで見てきたかのような

C ですから、その生物の姿勢や動き、色や模様は、

D カラーイラストで描かれているのをよく目にします。","A. A
B. B
C. C
D. D","答え：D

最後の文につながるのはCしかない。

そしてCの「ですから」につながるのはAしかない。

あとはのこりのB→Dを並び替えて、

BDAC。","言語の文章整序の問題では与えられた文章を適切な順番に並び替え、正しい文章として構成する力が求められます。選択肢の中の文章に含まれている接続詞に注目して問題を解いてみましょう。
この問題の場合、４に当てはまる文章を考えるといいでしょう。A～Cの選択肢を見ると、Cの「ですから」という接続詞を含む文章は最後にくることが推測できます。またCに繋がる文章はAであることが分かります。
このように文章を順番に当てはめて完成させることを意識して問題を解いてみましょう。"
文章整序,105,"つぎのアからオを意味が通るように並び替えたとき、２番目と３番目にくる文の組み合わせを選びなさい。

ア　職場の仕事の他に、家事育児や介護といった労働を「ケア労働」という

イ　日本では有償労働は男性に

ウ　働く女性はダブルワークを担わなくてはならないという問題がある

エ　無償のケア労働は女性に偏っている

オ　そのため、女性の社会進出が叫ばれている一方で","A. アとエ
B. イとエ
C. ウとア
D. エとイ
E. オとウ","答え：B

イ→エはすぐにわかる。アは、エ「ケア労働」の説明なのでその前に入る。残りはオ→ウとつながり、ア→イ→エの内容を踏まえているので最後に入り、アイエオウ。","言語の文章整序の問題では与えられた文章を適切な順番に並び替え、正しい文章として構成する力が求められます。
この問題の場合、選択肢の文章が違和感なく繋がるのはどの文章かを意識して考えるといいでしょう。ア～オの選択肢を見ると、アは「ケア労働」について説明する文章であり、ア➝イ➝エの順に並べると違和感なく繋がることが分かります。また、同じように文脈からオに続くのはウといったように順番に成立する文章を考えるといいでしょう。"
文章整序,106,"ＡからＥの文を[１]から[５]に入れて文の意味が通るようにしたとき、[２]に当てはまるものを選びなさい。

国会は憲法により[１][２][３][４][５]

A 「二院制」がとられているのは、

B その二つとは「衆議院」と「参議院」です。

C 国会は二つの議会からなる「二院制」がとられていて、

D さまざまな意見を取り入れて慎重に話し合うという目的のためです。

E 「唯一の立法機関」と定められています。","A. A
B. B
C. C
D. D
E. E","答え：C

C→Bはすぐにわかる。

その後に二院制がとられている理由が来るのが自然だから、C→B→A→Dがわかる。

そうするとEが入るのは最初しか無い。よって、

ECBAD。","言語の文章整序の問題では与えられた文章を適切な順番に並び替え、正しい文章として構成する力が求められます。問題文の空欄部分の文頭や文末に当てはまる文を探し、文章を選択することが正答するポイントになります。
この問題の場合、最初に1に当てはまる文章を最初に考えるといいでしょう。A～Eの選択肢を見ると、Eの「唯一の立法機関」は文頭の国会の説明を指していることが分かります。1に当てはまるのがEと分かれば、それに続きC➝Bへと繋がることも分かるでしょう。また二院制がとられている理由としてＤが文末にくることも推測できます。
このように文章を順番に当てはめて完成させることを意識して問題を解いてみましょう。"
文章整序,107,"ＡからＥの文を[１]から[５]に入れて文の意味が通るようにしたとき、[４]に当てはまるものを選びなさい。

第二次世界大戦後の日本では電気の普及に伴い、[１][２][３][４][５]この三つは現在になっても進化し続けています。

A 「冷蔵庫」「洗濯機」「白黒テレビ」が、

B 「三種の神器」と呼ばれました。

C 一般の家庭でも使える電化製品が次々と現れました。

D 例えば高度経済成長期のさなか登場した

E 人々の生活を豊かにするための","A. A
B. B
C. C
D. D
E. E","答え：E

問題文の最後に、「この三つは…」とあるが、これはAの三つの電化製品を受けている。

A→Bが主語述語でつながる。

Cの「電化製品」の登場の話のあとにDの「例え」の話しが出るとわかる。

以上から、C→D→A→Bがわかる。

最後に、Eの入る場所を考えると、Bを修飾する文としてAとBの間に入れるのが適切とわかる。よって、

CDAEB。","言語の文章整序の問題では与えられた文章を適切な順番に並び替え、正しい文章として構成する力が求められます。問題文の空欄部分の文頭や文末に当てはまる文を探し、文章を選択することが正答するポイントになります。
この問題の場合、最初に4、5に当てはまる文章を最初に考えるといいでしょう。A～Eの選択肢を見ると、問題の文末にある「この三つは…」に繋がる文章は一見、A→Bに続くと思われますが、Bを修飾している文のEが間に入ることが適切であると推測できます。そのため、A➝E➝Bと繋がることが分かります。このように文章を順番に当てはめて完成させることを意識して問題を解いてみましょう。"
文章整序,108,"ＡからＥの文を[１]から[５]に入れて文の意味が通るようにしたとき、[３]に当てはまるものを選びなさい。

フェイクニュースとは、[１][２][３][４][５]これを情報リテラシーという。

A あっという間に嘘の情報が大量に生成される様になった。

B 嘘の情報を拡散して混乱を招かないために

C SNSが発達したことで情報の拡散が速くなり

D 正しく情報を把握する能力が必要である。

E 嘘の情報で構成されたニュースのことである。","A. A
B. B
C. C
D. D
E. E","答え：A

まず、文頭の「フェイクニュースとは」にたいする答えがEである。A〜DでEよりも前にはいるものは無いので[１]はEと決まる。

また、C→A、B→Dの塊がわかる。

そして文末の「これが情報リテラシー」が、Dの「正しく情報を把握する能力」をうけているから、

ECABD。","言語の文章整序の問題では与えられた文章を適切な順番に並び替え、正しい文章として構成する力が求められます。問題文の空欄部分の文頭や結論に当てはまる文を探し違和感なく繋がる文章を選択することが正答するポイントになります。
この問題の場合、最初に1に当てはまる文章を考えるといいでしょう。A〜Eの選択肢を見ると、文頭の「フェイクニュースとは」に対する答えはEのみであることが分かります。また5に当てはまる文章は「情報リテラシー」の意味に繋がるDであると分かります。Eが1、Dが5に当てはまることが分かればDに続くのはBといったように順番に当てはめて文章を考えるといいでしょう。"
文章整序,109,"つぎのアからオを意味が通るように並び替えたとき、イの次にくる文を選びなさい。

ア　遺伝子の働きによりインスリンを強く受容する人がいるという事実がノックアウトマウスによって明らかになったのです。

イ　遺伝子を完全にコントロールすることは難しく、必ずしも思い通りのタイプのマウスにはなりません。

ウ　ノックアウトマウスとは遺伝子操作により意図的に遺伝子を欠損させたマウスのことです。

エ　このような新しい発見の為にノックアウトマウスのような実験動物は欠かせませんが、倫理にのっとって行う必要があります。

オ　しかし、ノックアウトマウスによって病気を引き起こす遺伝子がわかったという例もあります。","A. ア
B. ウ
C. エ
D. オ
E. イが最後の文","答え：D

最初の文がどれなのかを見つける。

エやオの文頭は前の文を受けているから違う。アイウで適切なのはウであるとわかる。

オのあとは「例」が来るはずだからアとなる。そしてアの内容がエの「このような」につながる。

最後に、イはウのあとに入れるときれいな文章となる。

ウイオアエ。","言語の文章整序の問題では与えられた文章を適切な順番に並び替え、正しい文章として構成する力が求められます。問題文の空欄部分の文頭や文末に当てはまる文を探し、違和感なく繋がる文章を選択することが正答するポイントになります。
この問題の場合、最初に文頭にくる文章を考えるといいでしょう。エとオを見ると前文を受けている文章ということが分かるので、残りの選択肢であるアイウの中の適切であるウが文頭にくると推測できるでしょう。ウが文頭にくることが分かれば、ウに続くのはイといったように順番に成立する文章を考えるといいでしょう。"
文章整序,110,"ＡからＥの文を[１]から[５]に入れて文の意味が通るようにしたとき、[２]に当てはまるものを選びなさい。

最近のレインコートは従来の[１][２][３][４][５]ものが増えてきた。

A 雨や湿気を防ぐという

B 気分を明るくしてくれる

C デザイン性のある簡易レインコートのように

D レインケープとかレインポンチョと言われる

E 機能だけでなく","A. A
B. B
C. C
D. D
E. E","答え：E

「従来の」、E「機能だけでなく」、「増えてきた」から、従来→最近の対比の構造が見える。

D→Cは自然につながり、B「気分を明るくしてくれる」ものの例と考えられる。

これに対しA「雨や湿気を防ぐという」が従来のものと考えられるので、A→Eを最初において、AEDCB。","言語の文章整序の問題では与えられた文章を適切な順番に並び替え、正しい文章として構成する力が求められます。問題文の空欄部分の文頭や結論に当てはまる文を探し違和感なく繋がる文章を選択することが正答するポイントになります。
この問題の場合、最初に1に当てはまる文章を考えるといいでしょう。A〜Eの選択肢を見ると、「従来のレインコート」を説明している文章はAであることが分かります。1に当てはまる文章がAだと分かれば、それに続くのはEであることが推測できます。また文末の「ものが…」の表現の例えとしてBの文章がくることが分かります。
このように文章を順番に当てはめて完成させることを意識して問題を解いてみましょう。"
文章整序,111,"つぎのアからオを意味が通るように並び替えたとき、２番目と４番目にくる文の組み合わせを選びなさい。

ア　また、歯や歯茎の状態は健康にも直結するが、顔の若々しさにも影響する問題である。

イ　３５歳を超えると、８０％以上の人が歯周病にかかっていると言われるほどだ。

ウ　３０代後半になると、体力的な衰えが気になるようになるが、

エ　歯周病が進み、頬がこけたようになると、とても老けて見えてしまうからだ。

オ　それは、歯や歯茎の状態にもあらわれてくる。","A. アとイ
B. イとア
C. イとエ
D. エとイ
E. オとア
F. オとエ","答え：E

先頭になるのはウのみで、ウ→オで意味が通る。その後具体例としてイが入る。

前半の内容を踏まえて、ア→エで歯や歯茎の状態の顔の若々しさへの影響を説明していると考えられる。

ウオイアエ。","言語の文章整序の問題では与えられた文章を適切な順番に並び替え、正しい文章として構成する力が求められます。選択肢の中の文章に含まれている接続詞に注目して問題を解くこともポイントになります。
この問題の場合、選択肢の文章が違和感なく繋がるのはどの文章かを意識して考えるといいでしょう。ア～オの選択肢を見ると、イは「35歳を超えると…」という具体例を用いて説明する文章であることが分かります。なので、その前に入る文章はウであることが分かり、ウ➝オの順に並べると違和感なく繋がることが分かります。同じように文脈からオに続くのはウといったように順番に成立する文章を考えるといいでしょう。"
文章整序,112,"最初に示された二語の関係を考えて、同じ関係のものを選びなさい。

猜疑さいぎ：怪訝けげん

ア　被告：原告

イ　決断：決心　

ウ　区分：分類","A. アだけ
B. イだけ
C. ウだけ
D. アとイ
E. アとウ
F. イとウ","答え：F

猜疑（うたがうこと）と怪訝は同義語。決断（心をきめること）と決心は同義語。また、区分（ある基準でいくつかにわけること）と分類も同義語。被告（訴訟で訴えられた人）と原告（訴訟を起こした人）は対義語。","言語の二語の関係の問題では二語の関係性を理解することが重要になります。関係性を理解するためには、二語の意味を適切に理解しておくことがポイントになります。
この問題では、「猜疑」と「怪訝」の意味が同じであることから二語の関係が同義語であることが分かります。したがって、同義語の関係であるウが正解となります。
このように、二語の意味を理解しておくといいでしょう。
また他にも「同義語」の関係である二語の例として、「作者」と「著者」や「決断」と「決心」などがあります。"
二語の関係,113,"最初に示された二語の関係を考えて、同じ関係のものを選びなさい。

なべ：ふた

ア　着物：帯

イ　薔薇：花

ウ　夢：うつつ","A. アだけ
B. イだけ
C. ウだけ
D. アとイ
E. アとウ
F. イとウ","答え：A

なべとふたはワンセット。着物と帯はワンセット。薔薇は花の一種。夢とうつつ（現実）は対義語。","言語の二語の関係の問題では二語の関係を理解することが重要になります。関係性を理解するためには、二語の意味を把握しておくことが重要です。
この問題では、「なべ」と「ふた」が同じワンセットであることから二語の関係が一組(セット)であることが分かります。したがって、一組の関係であるアが正解となります。
他にも「一組(セット)」の関係である二語の例として、「鉛筆」と「消しゴム」などがあります。"
二語の関係,114,"最初に示された二語の関係を考えて、同じ関係のものを選びなさい。

治療：病院

ア　ほうき：掃除

イ　文具：はさみ

ウ　撹拌かくはん：ミキサー","A. アだけ
B. イだけ
C. ウだけ
D. アとイ
E. アとウ
F. イとウ","答え：C

病院㊨の役目は治療㊧。ウのミキサー㊨の役目は撹拌㊧（かきまぜること）。イのはさみは文具の一種。アのほうき㊧の役目は掃除㊨で、同じ役目の関係だが、左右が逆なので不適。
","言語の二語の関係の問題では二語の関係を理解することが重要になります。
この「治療」と「病院」という問題では、一方（右）の語句の役割がもう一方（左）の語句であることから二語の関係が「役目」であることが分かります。したがって、役目の関係であるウが正解となります。
また他にも「役目」の関係である二語の例として、「カメラマン」と「撮影」や「クーラー」と「冷房」などがあります。"
二語の関係,115,"最初に示された二語の関係を考えて、同じ関係のものを選びなさい。

製造：販売

ア　立案：実行

イ　野菜：収穫

ウ　会社：起業","A. アだけ
B. イだけ
C. ウだけ
D. アとイ
E. アとウ
F. イとウ","答え：A

製造したものを販売する。同様に、立案したものを実行する。

イ、ウはそれぞれ「野菜を収穫」「会社を起業」と言えるが、問題文と選択肢アは「製造を販売する」「立案を実行する」とは言えない。",No advice provided for this question.
二語の関係,116,"最初に示された二語の関係を考えて、同じ関係の対になるよう（）にあてはまる言葉を選びなさい。

法律：民法

政治家：（　　）","A. 弁護士
B. 選挙
C. 代表
D. 知事
E. 内閣","答え：D

民法㊨は法律㊧の一種である。同様に知事は政治家の一種である。","言語の二語の関係の問題では二語の関係を理解することが重要になります。
この「法律」と「民法」という問題では、右の語句が左の語句の一種であることから二語の関係が「包含」であることが分かります。したがって、「政治家」対して包含の関係である「知事」という言葉が正解となります。 このように、二語の役割の関係性を把握し理解することを意識してみましょう。
他にも「包含」の関係である二語の例として「新聞」と「メディア」や「文具」と「はさみ」があります。"
二語の関係,117,"最初に示された二語の関係を考えて、同じ関係のものを選びなさい。

往信：返信

ア　作者：著者

イ　些細：重大

ウ　拡大：縮小","A. アだけ
B. イだけ
C. ウだけ
D. アとイ
E. アとウ
F. イとウ","答え：F

往信（こちらから出す通信）と返信は対義語。些細（とるにたりないさま）と重大、拡大と縮小も対義語。作者と著者は同義語。","言語の二語の関係の問題では、二語の関係性を理解することが重要になります。関係性を理解するためには、二語の意味などを適切に理解しておくことがポイントになります。
この問題では、「往信」と「返信」の意味が正反対の関係を表すことから二語の関係が対義語であることが分かります。したがって、対義語の関係であるイ、ウが正解となります。 このように、二語の意味を適切に理解しておくことが重要です。
また、他にも「対義語」の関係である二語の例として、「進捗」と「停滞」や「募集」と「応募」などがあります。"
二語の関係,118,"最初に示された二語の関係を考えて、同じ関係のものを選びなさい。

薬品：調合

ア　道路：整備

イ　除菌：消臭

ウ　衣服：洗濯","A. アだけ
B. イだけ
C. ウだけ
D. アとイ
E. アとウ
F. イとウ","答えE

目的語と動詞の関係。薬品を調合する。同じく、道路を整備する、衣服を洗濯する。","言語の二語の関係の問題では二語の関係を理解することが重要になります。関係性を理解するためには、二語を使って文章を組み立ててみることが有効です。
この問題では、「薬品を調合する」と文章にすることで二語の関係が「目的語と動詞」であることが分かります。したがって、目的語と動詞の関係であるア、ウが正解となります。
このように、二語の関係を文章にしてみることを意識して問題を解いてみましょう。
また、他にも「目的語と動詞」の関係である二語の例として、「野菜」と「収穫」や「会社」と「起業」などがあります。"
二語の関係,120,"最初に示された二語の関係を考えて、同じ関係の対になるよう（）にあてはまる言葉を選びなさい。

防寒：手袋

散髪：（　　）","A. 理髪
B. 床屋
C. 予約
D. 染髪
E. 広告","答え：B

防寒は手袋の役目。同様に散髪は床屋の役目。","言語の二語の関係の問題では、二語の関係を適切に理解することが重要になります。
この「防寒」と「手袋」という問題では、一方（右）の語句の役割がもう一方（左）の語句であることから二語の関係が「役目」であることが分かります。したがって、「散髪」は「床屋」の役目であることが分かり、正解となります。
また、他にも「役目」の関係である二語の例として、「掃除」と「ほうき」や「葉緑体」と「光合成」などがあります。"
二語の関係,121,"最初に示された二語の関係を考えて、同じ関係のものを選びなさい。

米：餅

ア　乳製品：チーズ

イ　ワイン：葡萄

ウ　小麦：パン","A. アだけ
B. イだけ
C. ウだけ
D. アとイ
E. アとウ
F. イとウ","答え：C

米㊧（もち米）は餅㊨の原料であり、小麦㊧はパン㊨の原料。チーズは乳製品の一種。葡萄㊨はワイン㊧の原料だが左右が逆。","言語の二語の関係の問題では、二語の関係を適切に理解することが重要になります。
この「米」と「餅」という問題では、一方（左）の語句がもう一方（右）の語句の原材料であることが分かります。したがって、原材料の関係であるウが正解となります。左右にも注目をして問題を解いてみましょう。"
空欄補充,122,"文中の空欄に入る最も適切なものを選びなさい。

近年、ボランティア活動への参加率における学歴差は残っているものの、収入や職業的地位による差は小さくなりつつある。かつて○○〇ボランティア活動をする傾向があったが、2000年代以降、そうした傾向がみられにくくなっているのである。","A. 大卒の人が高卒の人よりも
B. 周囲の人々の期待に応えるために
C. 高収入の人や経営者・役員の人ほど
D. 就職活動で用いるために","答え：C

最初の文では、近年のボランティア活動における変化が述べられている。後半の文では「かつて」の傾向と「2000年代以降」を比較しており、最初の文の変化をくわしく言い換えていると考えられる。最初の文から、かつては「収入や職業的地位による差」が大きかったといえる。よってCがもっとも適切である。",No advice provided for this question.
空欄補充,123,"文中の空欄に入る最も適切なものを選びなさい。

社長が〇〇〇 を押す。","A. 横紙
B. 専横
C. 横暴
D. 横槍
E. 横車","答え：E

横車を押す（理不尽なものごとを強引に押し通す）が正解。同じ意味の横紙を破るや、横槍を入れる（脇から第三者が口を挟む）という表現もある。",No advice provided for this question.
空欄補充,124,"文中の空欄に入る最も適切なものの組み合わせを選びなさい。

幹細胞は必要な時に必要な分だけ 　１　 したり、異なる性質の細胞に分化したりすることができる細胞です。また、幹細胞の近くにあるニッチ細胞がその能力を 　２　 しています。たとえば、怪我をして皮膚が傷ついたら、皮膚下でニッチ細胞が幹細胞に信号を送り、新しく皮膚の細胞を作り出すのです。","A. 1．培養　2．制御
B. 1．成長　2．調節
C. 1．増殖　2．阻害
D. 1．培養　2．促進
E. 1．成長　2．阻害
F. 1．増殖　2．調節","答え：F

３文目の具体例から、幹細胞はニッチ細胞からの信号を受けて新たに細胞を作り出すことがわかる。 　１　 の文は幹細胞の能力を説明しており、選択肢の中で新たに細胞をつくるはたらきを表すのは増殖である。また、２文目の「その能力」は幹細胞の増殖・分化の能力を指すと考えられる。 　２　 は必要に応じて幹細胞に信号を送り能力を発現させることであり、「制御」か「調節」が当てはまりそうである。 　１　 との組み合わせから、答えはFとわかる。",No advice provided for this question.
空欄補充,125,"文中の空欄に入る語として最も適切なものを、AからEまでの中から１つ選びなさい．

彼女は割り勘にすると言って譲らなかった。
　　she  ○○  on splitting the bill.","A. insisted
B. criticized
C. ignored
D. influenced
E. justified","答え：A

insist on で「主張する」",No advice provided for this question.
空欄補充,126,"文中の空欄に入る語として最も適切なものを、AからEまでの中から１つ選びなさい．

この電車は回送なので利用できません。
　　This train is out of  ○○","A. it’s mind
B. order
C. service
D. use
E. sight","答え：C

out of service で「利用不可」

out of order で「故障中」

out of sight で「見えないところに」

out of one’s mind で「正気ではない」",No advice provided for this question.
空欄補充,127,"文中の空欄に入る語として最も適切なものを、AからEまでの中から１つ選びなさい．

彼女は貸し切り馬車を当日にキャンセルしたので違約金が発生した。
　　She had to pay a penalty ○○ due to cancelling the private carriage on the scheduled day.","A. cost
B. deposit
C. duty
D. fee
E. money","答え：D

penalty fee で「違約金」

cost は「経費」

fee は「授業料」

deposit は「預金」

duty は「税」",No advice provided for this question.
同意語,128,"次の単語と最も意味が近い語を，AからEまでの中から一つ選びなさい。

evident","A. conscious
B. accurate
C. obvious
D. absolute
E. vague","答え：C

evident：明白な

A    conscious：気づいている，意識している

B    accurate：正確な

C    obvious：明白な

D    absolute：絶対的な

E    vague：曖昧な　(対義語)","英語の同意語の問題では、出題される単語と選択肢に出る単語の意味を理解することが重要になってきます。また頻出単語を出来るだけ多く暗記しておけば即座に回答することができるでしょう。
この問題の場合、問題文のevidentの意味は「明白な」という意味を表しているので、同じ「明らかな」といった意味を持つCの「obvious」が正解となります。
このように、基礎的な単語の意味を理解しておくことが正答するコツになります。
他にも、「allow（許可する）」と「permit（許可する）」や「adequate（適当な）」と「acceptable（適当な）」など同意語は沢山ありますので1つ1つ覚えておきましょう。"
同意語,129,"次の単語と最も意味が近い語を，AからEまでの中から一つ選びなさい。

fault","A. defect
B. ceiling
C. advantage
D. fever
E. accident","答え：A

fault：欠点、誤り

A    defect：欠点、不足

B    ceiling：天井、(価格などの)最高限度

C    advantage：有利、好都合　(対義語)

D    fever：熱

E    accident：事故","英語の同意語の問題では、出題される単語と選択肢に出る単語の意味を理解することが重要になってきます。また頻出単語を出来るだけ多く暗記しておけば即座に回答することができるでしょう。
この問題の場合、問題文のfaultの意味は「欠点、誤り」という意味を表しているので、同じ「欠陥」や「不足」といった意味を持つAの「defect」が正解となります。
このように、基礎的な単語の意味を理解しておくことが正答するコツになります。単語の意味が分からない場合は、意味を推測するか消去法を用いて解いてみましょう。
他にも、「method（手法）」と「means（方法）」など同意語は沢山ありますので1つ1つ覚えておきましょう。"
同意語,130,"次の単語と最も意味が近い語を，AからEまでの中から一つ選びなさい。

allow","A. assure
B. forbid
C. raise
D. permit
E. assemble","答え：D

allow：許可する

A    assure：保証する

B    forbid：禁止する　(対義語)

C    raise：上昇させる

D    permit：許可する

E    assemble：集める、組み立てる","英語の同意語の問題では、出題される単語と選択肢に出る単語の意味を理解することが重要になってきます。また頻出単語を出来るだけ多く暗記しておけば即座に回答することができるでしょう。
この問題の場合、問題文のallowの意味は「～を許す」や「可能にする」という意味を表しているので、同じ「許可する」といった意味を持つDの「permit」が正解となります。
このように、基礎的な単語の意味を理解しておくことが正答するコツになります。単語の意味が分からない場合は、意味を推測するか消去法を用いて解いてみましょう。
他にも、「formal（公式の）」と「official（公式の）」など同意語は沢山ありますので1つ1つ覚えておきましょう。"
同意語,131,"次の単語と最も意味が近い語を，AからEまでの中から一つ選びなさい。

adequate","A. prevailing
B. theoretical
C. acceptable
D. dull
E. incompetent","答え：C

adequate：適当な

A    prevailing：優勢な

B    theoretical：理論上の

C    acceptable：適当な

D    dull：面白くない

E    incompetent：役に立たない　(対義語)","英語の同意語の問題では、出題される単語と選択肢に出る単語の意味を理解することが重要になってきます。また出題される単語の対義語も暗記しておけば即座に回答することができるでしょう。
この問題の場合、問題文のadequateの意味は「適当な、適切な」という意味を表しています。なので、対義語である選択肢Eの「incompetent」は違うことが分かります。そして、同じ「適当な」といった意味を持つCの「acceptable」が正解となります。
このように、基礎的な単語の意味を理解しておくことが正答するコツになります。単語の意味が分からない場合は、意味を推測するか消去法を用いて解いてみましょう。
他にも、「validity（効力）」と「effectiveness（有効性）」など同意語は沢山ありますので1つ1つ覚えておきましょう。"
同意語,132,"次の単語と最も意味が近い語を，AからEまでの中から一つ選びなさい。

validity","A. effectiveness
B. intellect
C. beverage
D. uselessness
E. likelihood","答え：A

validity：効力

A    effectiveness：有効性

B    intellect：知性

C    beverage：飲み物

D    uselessness：無駄　(対義語)

E    likelihood：見込み　","英語の同意語の問題では、出題される単語と選択肢に出る単語の意味を理解することが重要になってきます。また出題される単語の対義語も暗記しておけば即座に回答することができるでしょう。
この問題の場合、問題文のvalidityの意味は「効力」という意味を表しています。なので、対義語である選択肢Dの「uselessness」は違うことが分かります。そして、同じ「有効性」といった意味を持つAの「effectiveness」が正解となります。
このように、基礎的な単語の意味を理解しておくことが正答するコツになります。
他にも、「proof（証拠）」と「evidence（証拠）」など同意語は沢山ありますので1つ1つ覚えておきましょう。"
同意語,133,"次の単語と最も意味が近い語を，AからEまでの中から一つ選びなさい。

probability","A. inventory
B. dignity
C. anxiety
D. possibility
E. insanity","答え：D

probability：可能性

A    inventory：在庫

B    dignity：尊厳

C    anxiety：不安

D    possibility：可能性　

E    insanity：狂気　","英語の同意語の問題では、出題される単語と選択肢に出る単語の意味を理解することが重要になってきます。また頻出単語を出来るだけ多く暗記しておけば即座に回答することができるでしょう。
この問題の場合、問題文のprobabilityの意味は「可能性」や「確率」という意味を表しているので、同じ「可能性」といった意味を持つDの「possibility」が正解となります。 「possible（可能）」を知っていれば「possibility」の意味も推測できるでしょう。このように、基礎的な単語の意味を理解しておくことが正答するコツになります。
他にも、「noble（立派な）」と「brilliant（素晴らしい）」など同意語は沢山ありますので1つ1つ覚えておきましょう。"
同意語,134,"次の単語と最も意味が近い語を，AからEまでの中から一つ選びなさい。

collective","A. separate
B. cooperative
C. tangible
D. granite
E. precision","答え：B

collective：集団的な

A    separate：個々の　(対義語)

B    cooperative：協同の　

C    tangible：有形の

D    granite：花崗岩　

E    precision：精密な　","英語の同意語の問題では、出題される単語と選択肢に出る単語の意味を理解することが重要になってきます。また出題される単語の対義語も暗記しておくと選択肢から即座に外すことができるでしょう。
この問題の場合、問題文のcollectiveの意味は「集団的な」という意味を表しています。なので、対義語である選択肢Aの「separate」は違うことが分かります。そして、「集団的な」に近い「協同の」といった意味を持つBの「cooperative」が正解となります。 このように、基礎的な単語の意味を理解しておくことが正答するコツになります。
他にも、「proof（証拠）」と「evidence（証拠）」など同意語は沢山ありますので1つ1つ覚えておきましょう。"
同意語,135,"次の単語と最も意味が近い語を，AからEまでの中から一つ選びなさい。

proof","A. knife
B. surface
C. plant
D. evidence
E. trash","答え：D

proof：証拠

A    knife：ナイフ

B    surface：表面　

C    plant：工場、植物

D    evidence：証拠　

E    trash：ごみ　","英語の同意語の問題では、出題される単語と選択肢に出る単語の意味を理解することが重要になってきます。また頻出単語を出来るだけ多く暗記しておけば即座に回答することができるでしょう。
この問題の場合、問題文のproofの意味は「証拠」という意味を表しているので、同じ「証拠」といった意味を持つDの「evidence」が正解となります。 最近では日本語でも「エビデンス」という言葉が使われる機会が増えてきたため、日常生活で使うカタカナ英語の意味もきちんと理解しておくと役に立つかもしれません。単語の意味が分からない場合は、意味を推測するか消去法を用いてみましょう。
他にも、「examination（調査）」と「investigation（取り調べ）」など同意語は沢山ありますので1つ1つ覚えておきましょう。"
同意語,136,"次の単語と最も意味が近い語を，AからEまでの中から一つ選びなさい。

noble","A. brilliant
B. novel
C. modest
D. distant
E. humid","答え：A

noble：立派な

A    brilliant：素晴らしい

B    novel：新しい　

C    modest：控えめな（対義語）

D    distant：離れた　

E    humid：湿気のある　","英語の同意語の問題では、出題される単語と選択肢に出る単語の意味を理解することが重要になってきます。また出題される単語の対義語も暗記しておくと選択肢から即座に外すことができるでしょう。
この問題の場合、問題文のnobleの意味は「立派な」という意味を表しています。なので、対義語である選択肢Cの「modest」は違うことが分かります。そして、「立派な」に近い「素晴らしい」といった意味を持つAの「brilliant」が正解となります。 このように、基礎的な単語の意味を理解しておくことが正答するコツになります。
他にも、「evident（明白な）」と「obvious（明白な）」など同意語は沢山ありますので1つ1つ覚えておきましょう。"
同意語,137,"次の単語と最も意味が近い語を，AからEまでの中から一つ選びなさい。

formal","A. earnest
B. primary
C. official
D. equal
E. stable","答え：C

formal：公式の

A    earnest：熱心な

B    primary：第一の

C    official：公式の

D    equal：等しい　

E    stable：安定した　","英語の同意語の問題では、出題される単語と選択肢に出る単語の意味を理解することが重要になってきます。また頻出単語を出来るだけ多く暗記しておけば即座に回答することができるでしょう。
この問題の場合、問題文のformalの意味は「公式の」や「正式の」という意味を表しているので、同じ意味を持つCの「official」が正解となります。最近では、日本語でも「オフィシャル」というカタカナ表記で使われている機会が多いため、しっかりと理解することが大切になってくるでしょう。
このように、基礎的な単語の意味を理解しておくことが正答するコツになります。 他にも、「noble（立派な）」と「brilliant（素晴らしい）」など同意語は沢山ありますので1つ1つ覚えておきましょう。"
同意語,138,"次の単語と最も意味が近い語を，AからEまでの中から一つ選びなさい。

decline","A. increase
B. declare
C. define
D. rise
E. decrease","答え：E

decline：減少する

A    increase：増加する（対義語）

B    declare：宣言する

C    define：定義する

D    rise：上昇する（対義語）　

E    decrease：減少する","英語の同意語の問題では、出題される単語と選択肢に出る単語の意味を理解することが重要になってきます。また出題される単語の対義語も暗記しておけば即座に回答することができるでしょう。
この問題の場合、問題文のdeclineの意味は「減少する」という意味を表しています。なので、対義語である選択肢A、Cは違うことが分かります。そして、同じ「減少する」といった意味を持つEの「decrease」が正解となります。 このように、基礎的な単語の意味を理解しておくことが正答するコツになります。
他にも、「evident（明白な）」と「obvious（明白な）」など同意語は沢山ありますので1つ1つ覚えておきましょう。"
同意語,139,"次の単語と最も意味が近い語を，AからEまでの中から一つ選びなさい。

investigation","A. ignorance
B. examination
C. invitation
D. investment
E. devotion","答え：B

investigation：取り調べ

A    ignorance：無知

B    examination：調査

C    invitation：招待

D    investment：投資

E    devotion：献身","英語の同意語の問題では、出題される単語と選択肢に出る単語の意味を理解することが重要になってきます。また頻出単語を出来るだけ多く暗記しておけば即座に回答することができるでしょう。
この問題の場合、問題文のinvestigationの意味は「取り調べ」という意味を表しているので、それに近い意味を持つBの「examination」が正解となります。
このように語数が多い単語は、それぞれ単語と意味をしっかりと照らし合わせ理解しておくことが正答するコツになります。 他にも、「defect（欠点）」と「fault（欠点）」など同意語は沢山ありますので1つ1つ覚えておきましょう。"
同意語,140,"次の単語と最も意味が近い語を，AからEまでの中から一つ選びなさい。

method","A. abstract
B. moisture
C. texture
D. means
E. analysis","答え：D

method：手法

A    abstract：要約

B    moisture：湿気

C    texture：手ざわり

D    means：方法

E    analysis：分析","英語の同意語の問題では、出題される単語と選択肢に出る単語の意味を理解することが重要になってきます。また頻出単語を出来るだけ多く暗記しておけば即座に回答することができるでしょう。
この問題の場合、問題文の「method」の意味は「手法」という意味を表しているので、それに近い意味を持つBの「means」が正解となります。
このように、基礎的な単語の意味を理解しておくことが正答するコツになります。単語の意味が分からない場合は、意味を推測するか消去法を用いて回答しましょう。
他にも、「cooperative（協同の）」と「collective（集団的な）」など同意語は沢山ありますので1つ1つ覚えておきましょう。"
